,Age,Gender,MaritalStatus,NUMBERCHILDREN,DateBirth,Over18,Education,EducationField,NUMCOMPANIESWORKED,TOTALWORKINGYEARS
0,51,0,,,1972,Y,3,,7,
1,52,0,,,1971,,4,Life Sciences,0,"34,0"
2,42,0,Married,,1981,,2,Technical Degree,1,"22,0"
3,47,1,Married,,1976,Y,4,Medical,3,
4,46,1,Divorced,,1977,Y,3,Technical Degree,2,
5,48,1,,,1975,,3,Medical,3,
6,59,1,,,1964,Y,3,Life Sciences,7,"28,0"
7,42,0,Married,,1981,,1,,1,"20,0"
8,41,1,Married,,1982,,5,,7,"22,0"
9,41,0,,,1982,,3,,2,"21,0"
10,41,1,,,1982,Y,1,,1,
11,56,0,Married,,1967,,3,Life Sciences,4,"33,0"
12,38,1,Married,,1985,Y,3,Medical,3,
13,41,1,Married,,1982,,3,,1,
14,55,0,Single,,1968,,4,Medical,8,
15,40,1,,,1983,,4,,0,
16,58,0,Single,,1965,Y,4,,7,"40,0"
17,46,1,,,1977,,3,,8,"28,0"
18,35,0,Married,,1988,,5,Life Sciences,1,
19,40,1,,,1983,Y,3,Life Sciences,1,"18,0"
20,45,0,,,1978,Y,1,,3,"25,0"
21,33,1,Single,,1990,,2,Life Sciences,1,"15,0"
22,36,1,Divorced,,1987,Y,3,,1,"17,0"
23,47,1,Married,,1976,,2,Other,1,
24,36,0,,,1987,Y,2,Life Sciences,1,"18,0"
25,35,1,Married,,1988,Y,3,Life Sciences,1,"17,0"
26,52,1,Married,,1971,Y,1,,1,"33,0"
27,36,1,Single,,1987,Y,4,Life Sciences,9,"18,0"
28,33,0,Married,,1990,Y,4,Life Sciences,1,"15,0"
29,34,0,,,1989,Y,3,Life Sciences,1,"15,0"
30,41,1,Divorced,,1982,,1,,0,
31,47,0,,,1976,,3,Medical,2,"25,0"
32,53,1,,,1970,,3,,4,"26,0"
33,35,0,Single,,1988,Y,4,Marketing,0,"16,0"
34,34,1,Single,,1989,Y,4,Other,1,"16,0"
35,46,1,Divorced,,1977,,2,,1,"24,0"
36,43,1,Married,,1980,,3,,5,"22,0"
37,36,0,Married,,1987,,3,Life Sciences,0,"16,0"
38,60,1,Married,,1963,Y,3,,4,"22,0"
39,40,0,Married,,1983,,4,,5,"20,0"
40,32,1,Married,,1991,Y,3,,1,"14,0"
41,41,0,Single,,1982,,3,,2,"20,0"
42,53,0,Divorced,,1970,,2,Medical,6,"22,0"
43,36,1,Single,,1987,Y,4,,1,"18,0"
44,46,1,Divorced,,1977,,4,Life Sciences,8,
45,38,0,Married,,1985,,4,,0,"16,0"
46,51,1,Single,,1972,,4,,3,"23,0"
47,43,0,Married,,1980,,2,,1,"25,0"
48,37,1,Single,,1986,,3,Life Sciences,1,
49,32,1,Married,,1991,,2,Technical Degree,1,
50,38,1,Married,,1985,,3,,1,"15,0"
51,46,1,,,1977,,3,Life Sciences,8,"23,0"
52,35,0,Married,,1988,,3,Medical,9,"15,0"
53,43,1,Married,,1980,,3,Medical,7,"21,0"
54,56,0,Divorced,,1967,Y,4,Life Sciences,1,
55,36,0,divorced,,1987,Y,4,Marketing,1,
56,38,1,,,1985,Y,3,Medical,7,"17,0"
57,49,1,,,1974,,4,Medical,1,"16,0"
58,39,1,Married,,1984,,4,Life Sciences,4,"17,0"
59,40,0,Married,,1983,Y,4,,7,"15,0"
60,36,0,Single,,1987,Y,2,,8,"16,0"
61,37,1,Married,,1986,Y,5,,3,"15,0"
62,35,0,,,1988,Y,4,,1,
63,33,0,Divorced,,1990,,3,Life Sciences,3,"15,0"
64,50,0,Married,,1973,,3,,3,"22,0"
65,48,0,Single,,1975,,4,,7,"27,0"
66,44,1,Married,,1979,,3,,3,
67,44,0,Single,,1979,Y,4,,1,
68,40,1,,,1983,,1,,5,"15,0"
69,34,1,Single,,1989,,4,,1,"14,0"
70,35,1,,,1988,,4,,1,
71,50,1,,,1973,,5,Life Sciences,5,
72,49,1,,,1974,,1,Life Sciences,2,
73,38,0,,,1985,Y,3,Life Sciences,7,"19,0"
74,33,0,,,1990,,3,,1,"14,0"
75,47,1,Divorced,,1976,,3,Life Sciences,8,
76,38,1,Divorced,,1985,,3,,1,"20,0"
77,37,1,,,1986,,3,Life Sciences,1,"16,0"
78,30,0,Married,,1993,,3,,1,"11,0"
79,58,0,Single,,1965,,4,,0,"38,0"
80,34,1,Single,,1989,,3,,2,"14,0"
81,58,1,Married,,1965,,4,Medical,1,"40,0"
82,38,0,Divorced,,1985,Y,3,Life Sciences,0,
83,29,1,Married,,1994,Y,1,,1,"11,0"
84,55,0,Single,,1968,Y,3,Medical,0,"37,0"
85,41,0,,,1982,,4,,1,
86,39,0,,,1984,,3,,0,"19,0"
87,38,0,,,1985,,2,Life Sciences,0,
88,43,0,,,1980,,3,,1,
89,31,1,Married,,1992,,2,,1,"13,0"
90,50,0,Marreid,,1973,Y,4,Life Sciences,0,"28,0"
91,35,0,Married,,1988,Y,3,Technical Degree,3,
92,47,0,,,1976,,4,,1,"20,0"
93,35,1,Divorced,,1988,,4,,1,
94,40,0,Married,,1983,Y,4,,4,"14,0"
95,45,1,Married,,1978,Y,4,Life Sciences,1,"15,0"
96,33,0,Married,,1990,Y,3,Medical,0,"15,0"
97,36,0,Married,,1987,Y,3,,1,"12,0"
98,45,1,,,1978,,3,Marketing,2,"26,0"
99,51,0,,,1972,,3,,4,
100,34,0,,,1989,,2,Technical Degree,0,"12,0"
101,43,0,,,1980,,2,,1,
102,34,0,,,1989,Y,2,Medical,1,
103,38,0,Divorced,,1985,,3,,5,"13,0"
104,48,0,,,1975,Y,3,,4,"29,0"
105,34,0,Married,,1989,,4,Other,1,"16,0"
106,32,1,,,1991,Y,4,,1,"14,0"
107,29,1,Divorced,,1994,Y,4,Life Sciences,1,"10,0"
108,46,0,Married,,1977,,3,Medical,2,"21,0"
109,30,0,Married,,1993,,3,,0,
110,45,0,,,1978,Y,3,Life Sciences,8,"20,0"
111,30,1,,,1993,Y,3,,2,
112,30,0,,,1993,Y,3,,1,"12,0"
113,34,0,Married,,1989,,1,,1,"10,0"
114,51,0,Married,,1972,,4,Life Sciences,5,"16,0"
115,34,0,,,1989,,4,Life Sciences,6,"13,0"
116,35,0,Married,,1988,Y,3,,0,"12,0"
117,45,0,,,1978,Y,3,Life Sciences,1,"24,0"
118,39,0,Married,,1984,,1,,1,"21,0"
119,31,1,Married,,1992,,2,,1,"10,0"
120,39,0,Married,,1984,Y,2,,1,
121,45,0,,,1978,Y,4,,9,"12,0"
122,30,1,,,1993,,3,Marketing,1,"10,0"
123,31,1,,,1992,Y,4,Medical,1,"11,0"
124,36,0,Married,,1987,Y,4,Medical,4,"16,0"
125,36,0,Married,,1987,,2,,1,"10,0"
126,55,1,Single,,1968,Y,5,,3,"37,0"
127,35,0,,,1988,Y,3,,9,"15,0"
128,42,0,Married,,1981,,3,Medical,1,"10,0"
129,52,0,Divorced,,1971,Y,2,,3,"18,0"
130,49,0,,,1974,,4,Life Sciences,1,
131,34,0,Married,,1989,,5,,1,
132,33,0,Single,,1990,Y,4,Other,1,"10,0"
133,33,0,Married,,1990,,3,Medical,0,
134,53,1,,,1970,Y,4,,6,"33,0"
135,49,1,Married,,1974,,2,Other,4,"29,0"
136,35,0,,,1988,Y,4,,6,
137,38,1,Married,,1985,,1,Life Sciences,0,"20,0"
138,46,0,Married,,1977,Y,1,Marketing,3,
139,36,0,Single,,1987,Y,4,,2,"18,0"
140,42,0,Single,,1981,,3,Life Sciences,0,
141,34,0,Single,,1989,,3,,0,"14,0"
142,30,0,,,1993,,3,Medical,0,"12,0"
143,54,0,Married,,1969,,3,Life Sciences,3,"36,0"
144,31,1,Single,,1992,,3,Medical,1,"10,0"
145,44,0,Married,,1979,,3,,7,"26,0"
146,55,0,Divorced,,1968,Y,1,,1,
147,44,0,Divorced,,1979,Y,2,Life Sciences,1,
148,34,0,,,1989,Y,3,Life Sciences,4,"14,0"
149,39,1,Divorced,,1984,,4,,6,
150,55,1,,,1968,Y,2,Medical,4,"23,0"
151,51,0,,,1972,Y,3,Life Sciences,1,
152,58,1,Marreid,,1965,Y,4,Medical,7,
153,48,0,Single,,1975,Y,3,Life Sciences,1,"11,0"
154,29,0,Single,,1994,Y,3,,1,
155,34,0,Single,,1989,,3,Other,3,"15,0"
156,42,1,,,1981,,2,,1,"12,0"
157,57,0,Married,,1966,,2,Life Sciences,0,"13,0"
158,34,1,Single,,1989,Y,4,,0,"16,0"
159,54,1,,,1969,Y,4,Medical,3,"26,0"
160,34,0,,,1989,Y,3,,1,
161,29,0,Single,,1994,,1,Medical,1,
162,35,0,,,1988,,3,Life Sciences,1,
163,35,0,,,1988,,4,Other,3,"13,0"
164,34,1,Married,,1989,,3,Life Sciences,1,"10,0"
165,43,0,,,1980,Y,3,,1,"10,0"
166,58,0,Divorced,,1965,,3,Medical,4,"37,0"
167,36,1,Marreid,,1987,,4,,1,"10,0"
168,43,0,Married,,1980,Y,3,Life Sciences,1,"10,0"
169,55,0,Married,,1968,,4,Human Resources,4,"35,0"
170,42,0,Single,,1981,Y,2,,1,"20,0"
171,40,1,Married,,1983,,3,Technical Degree,1,"10,0"
172,56,0,Married,,1967,Y,2,Technical Degree,8,"14,0"
173,39,1,,,1984,Y,1,Marketing,0,
174,53,1,Married,,1970,,4,Life Sciences,2,
175,27,0,Single,,1996,Y,3,,1,"9,0"
176,30,1,,,1993,,2,,1,"12,0"
177,35,0,Married,,1988,Y,5,Life Sciences,1,"9,0"
178,32,0,Married,,1991,,3,Medical,1,"9,0"
179,30,0,Married,,1993,,1,Life Sciences,1,
180,46,0,,,1977,,2,Medical,1,"9,0"
181,30,1,,,1993,,2,,1,"11,0"
182,32,0,Single,,1991,Y,4,,1,"12,0"
183,35,0,Married,,1988,Y,5,Marketing,1,
184,32,1,Single,,1991,Y,3,Marketing,1,"9,0"
185,41,0,Divorced,,1982,Y,3,Life Sciences,4,
186,40,1,,,1983,,1,Medical,1,"21,0"
187,45,0,Married,,1978,Y,2,,9,"22,0"
188,32,0,Married,,1991,,4,,1,"14,0"
189,30,0,,,1993,,1,Life Sciences,1,
190,37,0,,,1986,,3,,1,
191,37,0,Divorced,,1986,,4,,4,"13,0"
192,40,0,,,1983,Y,2,Technical Degree,1,
193,36,1,Married,,1987,,4,,7,"11,0"
194,32,0,Married,,1991,Y,3,Life Sciences,1,"13,0"
195,38,1,,,1985,Y,2,Life Sciences,3,
196,30,1,Married,,1993,,2,,1,"11,0"
197,39,0,,,1984,,1,,1,"21,0"
198,60,1,,,1963,,3,Life Sciences,5,"33,0"
199,30,1,,,1993,,4,Other,0,"10,0"
200,31,0,Divorced,,1992,Y,1,,1,
201,33,0,Single,,1990,Y,3,Life Sciences,1,
202,50,0,Married,,1973,Y,1,Medical,1,"20,0"
203,32,0,,,1991,,4,Life Sciences,1,"10,0"
204,42,0,,,1981,,3,,1,"10,0"
205,49,1,Married,,1974,,3,Marketing,1,
206,27,0,Divorced,,1996,,1,,1,
207,33,0,Divorced,,1990,Y,3,Medical,1,"9,0"
208,52,1,Married,,1971,Y,4,,3,"31,0"
209,32,0,,,1991,,2,Life Sciences,1,"10,0"
210,36,0,,,1987,Y,1,Life Sciences,0,
211,31,1,,,1992,,2,,1,
212,36,0,Single,,1987,Y,4,Medical,4,
213,52,0,Married,,1971,,2,Life Sciences,2,"26,0"
214,33,0,Single,,1990,,3,,1,"10,0"
215,45,0,,,1978,,2,Life Sciences,1,"9,0"
216,36,1,,,1987,Y,5,,0,"15,0"
217,49,0,,,1974,Y,4,,6,"22,0"
218,29,1,,,1994,Y,1,,1,"11,0"
219,29,1,Married,,1994,,1,,1,
220,37,1,Married,,1986,Y,3,Life Sciences,1,"14,0"
221,33,0,,,1990,Y,5,,0,
222,34,1,Divorced,,1989,,3,Medical,4,"15,0"
223,28,1,Married,,1995,,3,,0,"10,0"
224,31,1,,,1992,,4,,1,"10,0"
225,42,0,,,1981,,1,Life Sciences,0,"21,0"
226,40,0,Single,,1983,,3,Life Sciences,1,"9,0"
227,34,1,Single,,1989,Y,2,Medical,1,
228,58,1,,,1965,Y,3,,3,
229,31,1,,,1992,Y,5,,1,
230,40,0,,,1983,,1,,2,"16,0"
231,53,0,Single,,1970,,3,Medical,4,"35,0"
232,34,0,,,1989,Y,3,,7,"16,0"
233,35,1,Single,,1988,,3,Life Sciences,1,
234,37,0,Married,,1986,,3,,1,
235,42,0,,,1981,,3,,2,"24,0"
236,45,0,Divorced,,1978,,4,,1,
237,30,0,Married,,1993,,3,,1,
238,38,0,Married,,1985,,3,Life Sciences,0,"10,0"
239,50,0,,,1973,,5,Medical,2,"32,0"
240,39,0,,,1984,,2,,0,
241,34,1,,,1989,Y,3,,1,"11,0"
242,54,1,,,1969,Y,5,,3,"36,0"
243,41,0,,,1982,Y,3,Marketing,1,
244,39,0,Married,,1984,Y,3,Life Sciences,1,
245,40,0,,,1983,,4,,1,
246,33,0,,,1990,,3,Technical Degree,5,"11,0"
247,36,0,,,1987,Y,3,Life Sciences,7,"15,0"
248,33,0,Married,,1990,Y,4,Life Sciences,6,"14,0"
249,34,0,,,1989,,2,,1,"10,0"
250,29,0,Married,,1994,Y,1,Medical,1,
251,46,0,Divorced,,1977,,2,Life Sciences,3,"12,0"
252,27,1,Married,,1996,Y,1,Medical,1,
253,31,0,Divorced,,1992,Y,3,Life Sciences,1,"10,0"
254,45,1,,,1978,Y,2,Life Sciences,0,"10,0"
255,34,0,,,1989,Y,3,Marketing,1,"14,0"
256,31,0,Married,,1992,Y,3,Life Sciences,1,"10,0"
257,35,1,,,1988,Y,4,,1,"10,0"
258,39,0,Single,,1984,Y,4,Marketing,0,"21,0"
259,40,1,Married,,1983,,2,Marketing,3,
260,30,0,Married,,1993,,2,Medical,1,"12,0"
261,47,1,Married,,1976,Y,1,,0,"14,0"
262,52,0,Divorced,,1971,Y,4,,2,"16,0"
263,49,0,Married,,1974,Y,1,,1,"10,0"
264,33,1,Marreid,,1990,,4,Life Sciences,1,
265,32,0,,,1991,,2,Life Sciences,0,"8,0"
266,38,0,,,1985,,3,,0,
267,36,0,,,1987,Y,3,Medical,6,"17,0"
268,42,0,,,1981,Y,4,,0,"10,0"
269,31,0,Divorced,,1992,Y,4,Life Sciences,3,
270,31,1,Single,,1992,Y,4,,1,"11,0"
271,51,0,,,1972,Y,4,Marketing,0,"11,0"
272,34,0,,,1989,,3,,1,"9,0"
273,36,1,,,1987,Y,2,Technical Degree,0,"10,0"
274,30,0,Divorced,,1993,,3,,1,
275,33,0,Marreid,,1990,,2,,0,
276,31,0,Married,,1992,Y,4,Life Sciences,4,
277,41,0,Divorced,,1982,,1,,3,
278,26,1,,,1997,Y,1,,1,"8,0"
279,32,0,Divorced,,1991,Y,2,,0,
280,40,1,Divorced,,1983,Y,3,,1,"20,0"
281,53,0,,,1970,Y,2,Marketing,2,"13,0"
282,29,0,Married,,1994,Y,1,Technical Degree,1,"10,0"
283,36,0,,,1987,Y,2,,4,"13,0"
284,33,1,,,1990,Y,3,,1,"8,0"
285,51,1,Single,,1972,,3,,3,
286,27,1,Single,,1996,,3,Medical,1,
287,37,0,,,1986,Y,3,Life Sciences,1,
288,38,0,Married,,1985,Y,3,,3,"9,0"
289,49,0,Divorced,,1974,,4,,1,"7,0"
290,27,1,Single,,1996,,3,Life Sciences,1,"7,0"
291,45,1,Single,,1978,Y,3,Medical,6,"23,0"
292,35,1,Single,,1988,Y,3,,1,"10,0"
293,33,1,,,1990,,2,,7,"13,0"
294,52,0,,,1971,,4,Life Sciences,1,"33,0"
295,40,0,,,1983,,2,Medical,0,
296,38,0,,,1985,,2,Life Sciences,3,"13,0"
297,46,1,Marreid,,1977,,3,,3,"28,0"
298,45,0,Married,,1978,Y,2,Medical,0,"21,0"
299,47,0,Married,,1976,,4,Life Sciences,1,
300,35,1,Divorced,,1988,Y,3,Life Sciences,7,"10,0"
301,29,0,Single,,1994,Y,2,,1,
302,55,0,Married,,1968,Y,2,Technical Degree,3,"12,0"
303,26,0,Single,,1997,,4,,1,
304,31,0,,,1992,,3,Technical Degree,4,"10,0"
305,43,1,,,1980,Y,4,Life Sciences,0,
306,31,0,,,1992,Y,3,Marketing,4,"13,0"
307,32,1,Single,,1991,Y,4,Medical,7,
308,33,0,,,1990,,3,,3,
309,43,1,Divorced,,1980,Y,4,Life Sciences,1,"9,0"
310,29,0,,,1994,Y,4,,1,"7,0"
311,27,1,,,1996,Y,4,,1,"8,0"
312,29,1,Divorced,,1994,Y,1,,1,"7,0"
313,37,0,Divorced,,1986,,3,Medical,4,"13,0"
314,26,0,,,1997,Y,3,,1,
315,40,1,Married,,1983,Y,4,Life Sciences,3,
316,41,0,,,1982,,3,,1,"8,0"
317,51,1,,,1972,,2,,4,"18,0"
318,37,1,,,1986,,3,,1,
319,56,1,Married,,1967,Y,3,Life Sciences,9,"36,0"
320,41,0,Married,,1982,,3,Marketing,1,"10,0"
321,46,1,,,1977,Y,3,Medical,2,"19,0"
322,30,1,Single,,1993,Y,3,,0,"12,0"
323,35,0,,,1988,,3,Life Sciences,4,"10,0"
324,48,1,Married,,1975,,5,,2,"14,0"
325,45,0,,,1978,,3,Other,0,
326,26,1,,,1997,Y,4,Life Sciences,0,"8,0"
327,41,1,Single,,1982,Y,4,Other,2,"10,0"
328,34,0,Single,,1989,,4,,1,"10,0"
329,31,0,Divorced,,1992,Y,4,Medical,4,"13,0"
330,43,0,Divorced,,1980,Y,5,,3,"10,0"
331,53,1,Single,,1970,Y,1,,7,"18,0"
332,37,0,Married,,1986,,3,Other,1,
333,54,0,,,1969,Y,4,,2,"16,0"
334,38,1,,,1985,,4,Marketing,0,
335,29,0,Divorced,,1994,Y,4,Life Sciences,1,"10,0"
336,34,1,,,1989,,3,Medical,1,"9,0"
337,39,1,Single,,1984,,4,Technical Degree,1,"20,0"
338,32,0,,,1991,,3,Marketing,1,"10,0"
339,38,1,,,1985,Y,4,Life Sciences,0,"10,0"
340,27,1,Married,,1996,,2,Life Sciences,1,"9,0"
341,32,1,Single,,1991,,2,Life Sciences,3,"10,0"
342,47,0,Single,,1976,,4,Marketing,2,"20,0"
343,27,0,,,1996,Y,2,,1,"9,0"
344,41,0,,,1982,Y,3,,1,"22,0"
345,28,1,,,1995,,2,,7,"10,0"
346,36,1,Married,,1987,Y,3,,9,"10,0"
347,30,0,Divorced,,1993,Y,5,Marketing,7,"10,0"
348,56,0,Married,,1967,,3,,7,"30,0"
349,45,0,Single,,1978,,2,,0,"9,0"
350,36,0,Single,,1987,Y,4,,1,"10,0"
351,29,1,Married,,1994,,3,Medical,4,"11,0"
352,38,1,Single,,1985,,4,Life Sciences,6,"17,0"
353,40,1,,,1983,Y,2,Medical,1,"8,0"
354,42,0,,,1981,,3,,1,"24,0"
355,36,1,,,1987,,3,Other,0,
356,29,0,Married,,1994,,2,,1,"10,0"
357,55,0,Single,,1968,Y,1,Medical,4,
358,28,1,,,1995,Y,4,,1,"8,0"
359,26,1,Married,,1997,,2,Medical,1,"8,0"
360,44,0,,,1979,,2,,1,"8,0"
361,41,1,Divorced,,1982,,4,Life Sciences,4,
362,31,0,,,1992,,4,,3,
363,26,0,,,1997,Y,3,Medical,1,
364,31,1,,,1992,,3,Medical,0,"10,0"
365,32,1,Married,,1991,,4,Medical,1,"8,0"
366,36,0,Married,,1987,Y,1,Life Sciences,1,
367,45,0,,,1978,,2,,1,
368,39,0,Single,,1984,,5,,0,"9,0"
369,36,0,Divorced,,1987,,4,Technical Degree,4,"12,0"
370,46,0,,,1977,Y,2,Medical,6,
371,54,1,,,1969,,3,Technical Degree,8,"22,0"
372,30,1,,,1993,Y,2,,0,
373,26,0,Married,,1997,,2,Medical,1,
374,55,0,Married,,1968,,4,Medical,3,
375,50,1,Married,,1973,Y,3,Life Sciences,0,
376,32,1,Single,,1991,,4,,9,"10,0"
377,53,1,,,1970,,3,Marketing,2,"30,0"
378,40,0,Married,,1983,,3,,1,"8,0"
379,55,0,Single,,1968,,1,,7,
380,28,0,Single,,1995,Y,2,,1,"10,0"
381,28,1,Single,,1995,,3,Other,3,
382,35,0,,,1988,Y,3,Technical Degree,0,"9,0"
383,33,1,Single,,1990,,4,Medical,1,"14,0"
384,25,0,Married,,1998,Y,1,Technical Degree,1,"7,0"
385,38,0,,,1985,,4,,0,"9,0"
386,28,1,,,1995,,3,,0,
387,43,1,Married,,1980,,3,Life Sciences,8,"18,0"
388,39,0,,,1984,,3,Life Sciences,7,"21,0"
389,40,0,,,1983,Y,3,,1,
390,29,0,Married,,1994,,1,Medical,1,"10,0"
391,40,1,,,1983,,4,,9,"20,0"
392,26,0,,,1997,Y,4,,1,"8,0"
393,35,0,Divorced,,1988,,3,,2,"15,0"
394,53,1,Divorced,,1970,Y,2,Medical,3,"26,0"
395,35,0,,,1988,Y,4,Life Sciences,3,"15,0"
396,33,1,,,1990,,3,Medical,1,
397,36,0,Divorced,,1987,Y,4,Life Sciences,1,
398,30,0,Divorced,,1993,,4,Life Sciences,1,
399,60,0,Divorced,,1963,,4,,0,"12,0"
400,32,1,Single,,1991,Y,2,Life Sciences,4,"10,0"
401,36,1,Divorced,,1987,,3,Technical Degree,2,"17,0"
402,27,0,,,1996,,3,,1,
403,43,0,,,1980,Y,3,Life Sciences,3,
404,29,1,Divorced,,1994,Y,3,,3,"9,0"
405,59,0,Single,,1964,,4,,6,
406,43,1,Single,,1980,,4,Marketing,3,"23,0"
407,44,1,Married,,1979,Y,3,Medical,1,
408,29,1,Divorced,,1994,,3,Technical Degree,3,"10,0"
409,32,0,Married,,1991,,3,,1,
410,36,1,Married,,1987,Y,4,Technical Degree,3,
411,52,0,Single,,1971,Y,3,,9,
412,39,0,Single,,1984,,2,,0,
413,34,0,,,1989,,3,,0,"10,0"
414,38,1,,,1985,,2,Life Sciences,3,"11,0"
415,36,1,Marreid,,1987,Y,3,Marketing,2,
416,35,1,,,1988,Y,3,,0,"10,0"
417,55,0,,,1968,Y,4,,6,
418,34,0,,,1989,Y,3,,4,"10,0"
419,43,1,Single,,1980,,3,Medical,1,"20,0"
420,42,1,Married,,1981,,3,Human Resources,0,"21,0"
421,26,0,Single,,1997,,3,,0,"8,0"
422,29,1,Single,,1994,,1,Other,0,
423,54,1,,,1969,,3,,6,"29,0"
424,55,0,Divorced,,1968,Y,4,,2,"31,0"
425,40,0,,,1983,Y,4,Other,3,"11,0"
426,31,0,Divorced,,1992,,2,,1,"13,0"
427,46,0,Divorced,,1977,,3,Marketing,4,"28,0"
428,45,0,,,1978,Y,3,Medical,2,
429,49,0,Divorced,,1974,Y,4,Life Sciences,3,"29,0"
430,29,0,,,1994,Y,3,,1,"10,0"
431,29,0,Single,,1994,Y,4,Technical Degree,6,
432,29,1,,,1994,,1,Other,3,"9,0"
433,40,0,Single,,1983,Y,2,,1,"21,0"
434,48,1,Divorced,,1975,,4,Life Sciences,8,"18,0"
435,53,1,Married,,1970,,5,,0,
436,44,1,,,1979,,3,Medical,0,
437,45,1,,,1978,Y,5,,1,"10,0"
438,45,0,,,1978,Y,3,Marketing,1,"10,0"
439,34,0,,,1989,,4,,1,"9,0"
440,39,0,,,1984,Y,5,Medical,2,
441,27,0,Divorced,,1996,,3,,1,"7,0"
442,45,1,Divorced,,1978,,2,,1,"10,0"
443,44,0,Married,,1979,,5,,4,"14,0"
444,25,0,Divorced,,1998,,1,Life Sciences,1,"7,0"
445,49,0,Single,,1974,Y,3,,4,"23,0"
446,48,1,,,1975,,2,,2,"19,0"
447,26,0,,,1997,,3,Medical,1,"7,0"
448,44,1,,,1979,,3,Life Sciences,1,
449,36,1,Single,,1987,Y,4,,3,"17,0"
450,46,0,Single,,1977,,4,,6,"19,0"
451,35,0,Married,,1988,Y,4,Life Sciences,2,"17,0"
452,30,1,,,1993,Y,4,,0,"10,0"
453,30,0,,,1993,,2,Marketing,2,
454,33,1,,,1990,,3,Marketing,8,"13,0"
455,32,0,Single,,1991,Y,4,,2,"12,0"
456,43,0,,,1980,Y,3,Life Sciences,0,
457,31,1,,,1992,,4,Marketing,1,
458,35,0,,,1988,,3,,1,
459,35,0,Divorced,,1988,,2,Medical,2,"15,0"
460,30,1,Single,,1993,Y,3,Medical,9,"9,0"
461,46,1,Married,,1977,,2,Medical,4,"13,0"
462,45,1,Married,,1978,Y,4,,4,"10,0"
463,43,0,Married,,1980,,4,Life Sciences,1,"7,0"
464,46,1,,,1977,Y,3,Life Sciences,5,"14,0"
465,40,0,,,1983,Y,4,,2,"22,0"
466,27,1,Single,,1996,Y,2,,0,"9,0"
467,42,0,Married,,1981,Y,3,Medical,9,"18,0"
468,26,0,Married,,1997,,3,Other,0,"8,0"
469,28,0,Married,,1995,,2,Life Sciences,1,"7,0"
470,47,0,Married,,1976,Y,4,,8,
471,34,0,Divorced,,1989,,4,Medical,1,"9,0"
472,26,0,Single,,1997,Y,3,Medical,0,"8,0"
473,27,0,,,1996,,3,,1,
474,31,0,,,1992,Y,4,Marketing,1,"10,0"
475,33,0,Divorced,,1990,,2,Life Sciences,1,"9,0"
476,31,1,Married,,1992,,3,,4,"13,0"
477,35,0,,,1988,,4,Medical,1,"10,0"
478,33,1,Married,,1990,,2,,0,
479,39,0,Single,,1984,,1,Life Sciences,7,
480,36,1,Marreid,,1987,Y,3,,0,"10,0"
481,41,1,Married,,1982,Y,4,Life Sciences,0,"21,0"
482,34,1,Married,,1989,Y,3,Marketing,1,"8,0"
483,38,1,Married,,1985,,2,,1,"10,0"
484,39,0,,,1984,,1,,4,
485,34,1,Single,,1989,,4,,0,
486,44,1,Married,,1979,,4,Medical,3,"24,0"
487,46,0,Single,,1977,Y,4,,4,"14,0"
488,41,0,Divorced,,1982,Y,3,Life Sciences,4,
489,39,1,Single,,1984,,4,,0,"20,0"
490,42,1,Divorced,,1981,,3,Medical,0,"10,0"
491,33,1,Married,,1990,Y,4,,6,"12,0"
492,35,0,Single,,1988,,4,Technical Degree,0,"17,0"
493,33,0,Married,,1990,,1,Medical,7,"15,0"
494,40,1,Single,,1983,,3,Life Sciences,7,"22,0"
495,41,0,Divorced,,1982,Y,4,Human Resources,3,"23,0"
496,27,1,,,1996,,3,,8,
497,52,0,,,1971,,4,Marketing,1,
498,51,1,Married,,1972,,4,Marketing,2,
499,47,1,,,1976,,2,Marketing,0,"8,0"
500,50,0,Divorced,,1973,Y,4,,1,"31,0"
501,35,1,Married,,1988,,1,Life Sciences,1,"10,0"
502,39,1,Married,,1984,,1,,1,
503,39,1,Single,,1984,,3,Medical,1,
504,41,1,,,1982,,2,,1,
505,44,0,Married,,1979,,2,Medical,9,"24,0"
506,42,0,,,1981,,2,Medical,0,"23,0"
507,52,0,Single,,1971,Y,4,Life Sciences,7,"18,0"
508,38,0,,,1985,,3,,1,"7,0"
509,46,1,,,1977,,2,Life Sciences,6,"10,0"
510,35,0,Single,,1988,,4,Life Sciences,1,
511,28,0,Married,,1995,,1,Life Sciences,1,"8,0"
512,44,0,Married,,1979,,3,Life Sciences,3,
513,50,0,,,1973,,5,,1,
514,55,0,,,1968,Y,5,Marketing,1,"36,0"
515,39,0,Married,,1984,Y,3,,2,"11,0"
516,49,1,,,1974,,4,,1,"10,0"
517,45,1,Single,,1978,,2,Technical Degree,1,"21,0"
518,46,0,,,1977,,3,,4,
519,27,1,Married,,1996,,3,,0,
520,42,0,Married,,1981,,3,,5,"24,0"
521,49,0,Married,,1974,,3,,2,"17,0"
522,29,1,Single,,1994,,2,Life Sciences,0,"10,0"
523,34,0,,,1989,Y,4,Marketing,0,
524,37,0,Divorced,,1986,,4,,1,
525,36,0,Single,,1987,Y,3,,1,"6,0"
526,45,0,Single,,1978,,3,,5,"9,0"
527,29,0,,,1994,,3,,1,"6,0"
528,26,1,,,1997,,3,,1,"6,0"
529,28,0,Single,,1995,Y,4,Life Sciences,1,
530,42,1,Married,,1981,Y,4,Technical Degree,0,"7,0"
531,31,0,,,1992,,1,Life Sciences,4,"10,0"
532,37,1,Single,,1986,Y,3,,4,
533,37,0,Divorced,,1986,Y,4,,1,"9,0"
534,37,1,Married,,1986,,4,Life Sciences,6,"8,0"
535,24,0,,,1999,,3,Medical,1,
536,50,0,Married,,1973,,3,,1,
537,34,0,,,1989,,2,Life Sciences,1,"6,0"
538,27,1,,,1996,,1,Medical,1,
539,25,1,Single,,1998,Y,1,,1,"6,0"
540,34,0,Single,,1989,Y,3,Other,1,"6,0"
541,34,1,,,1989,Y,4,,1,"6,0"
542,35,0,Single,,1988,Y,3,Other,3,"17,0"
543,35,1,,,1988,,1,Medical,1,"6,0"
544,33,1,Married,,1990,Y,4,,1,
545,29,1,Divorced,,1994,Y,4,Life Sciences,4,"11,0"
546,29,1,divorced,,1994,,3,,0,"8,0"
547,34,1,Married,,1989,,1,Life Sciences,1,
548,28,0,Married,,1995,Y,4,Medical,1,"6,0"
549,44,1,Married,,1979,Y,1,Life Sciences,1,"10,0"
550,31,0,Married,,1992,,2,,1,"6,0"
551,26,0,,,1997,,2,Life Sciences,1,
552,47,0,,,1976,Y,3,,7,"17,0"
553,37,0,Single,,1986,,2,,0,"7,0"
554,32,0,Married,,1991,,4,,4,"9,0"
555,32,0,Divorced,,1991,Y,3,Medical,0,"10,0"
556,33,1,,,1990,Y,3,Life Sciences,1,"7,0"
557,47,0,Married,,1976,,3,,7,"25,0"
558,41,1,,,1982,,2,,8,"8,0"
559,35,0,Married,,1988,,3,Medical,0,"6,0"
560,29,0,Married,,1994,Y,3,Life Sciences,0,
561,32,0,,,1991,Y,3,Life Sciences,1,"10,0"
562,35,0,Single,,1988,,3,Medical,1,"6,0"
563,56,0,,,1967,,3,,4,"37,0"
564,28,0,,,1995,Y,3,Medical,1,"5,0"
565,25,0,Single,,1998,Y,3,,1,
566,56,1,,,1967,Y,4,Life Sciences,9,"7,0"
567,26,1,Married,,1997,,3,,1,"5,0"
568,32,1,,,1991,,3,Medical,7,
569,30,1,Single,,1993,,3,Life Sciences,1,
570,50,1,,,1973,Y,3,,3,
571,32,0,,,1991,Y,5,Life Sciences,3,"8,0"
572,45,1,,,1978,Y,2,,4,"9,0"
573,43,0,Divorced,,1980,,3,,4,"7,0"
574,29,1,Married,,1994,,3,Marketing,1,"10,0"
575,31,0,,,1992,Y,4,Medical,0,"6,0"
576,33,0,Married,,1990,,3,,5,"8,0"
577,31,0,,,1992,Y,2,,0,
578,37,0,,,1986,,4,,4,
579,50,0,Divorced,,1973,,1,,3,"28,0"
580,42,1,Married,,1981,,3,,5,
581,27,0,,,1996,,3,,1,"5,0"
582,27,0,,,1996,Y,1,Marketing,0,
583,41,0,Single,,1982,,3,,6,
584,37,1,,,1986,,3,Medical,6,
585,40,0,,,1983,Y,2,,2,"8,0"
586,55,1,Single,,1968,Y,3,,2,
587,26,0,,,1997,,1,,0,
588,40,1,Divorced,,1983,Y,2,Marketing,7,
589,25,1,Single,,1998,Y,2,,1,"5,0"
590,30,1,Single,,1993,,3,,0,
591,52,0,Married,,1971,Y,3,,2,
592,42,1,,,1981,,2,,2,"19,0"
593,30,1,,,1993,,3,Life Sciences,2,"11,0"
594,35,0,Single,,1988,,3,Life Sciences,0,
595,31,0,Divorced,,1992,Y,3,,9,"10,0"
596,35,1,Single,,1988,Y,3,,1,"5,0"
597,25,0,,,1998,Y,1,,1,"7,0"
598,32,1,Married,,1991,Y,4,,1,"6,0"
599,47,1,,,1976,Y,2,Life Sciences,4,"8,0"
600,30,0,Divorced,,1993,Y,4,Life Sciences,9,"10,0"
601,45,0,Divorced,,1978,,3,Marketing,4,"18,0"
602,36,0,,,1987,,3,Life Sciences,0,
603,31,0,,,1992,,4,,3,
604,37,1,Married,,1986,,2,Medical,5,
605,39,1,,,1984,Y,3,Life Sciences,8,"13,0"
606,42,1,,,1981,,2,,7,
607,30,0,,,1993,,2,,5,
608,50,0,Divorced,,1973,Y,2,Medical,9,"32,0"
609,59,0,,,1964,,2,,3,"14,0"
610,54,1,Married,,1969,Y,4,Life Sciences,6,"13,0"
611,56,1,Married,,1967,,3,Medical,2,"18,0"
612,48,0,Single,,1975,Y,4,,2,
613,39,0,Single,,1984,,3,Life Sciences,9,"9,0"
614,35,0,,,1988,Y,4,Technical Degree,1,"6,0"
615,42,0,Single,,1981,,4,Marketing,7,
616,44,0,Single,,1979,,4,,1,"6,0"
617,29,1,Married,,1994,Y,1,,0,"6,0"
618,33,0,,,1990,Y,3,Human Resources,1,"5,0"
619,54,1,,,1969,,4,,7,"33,0"
620,46,1,Married,,1977,Y,2,,2,
621,30,1,Single,,1993,,2,Medical,7,"10,0"
622,32,0,,,1991,,2,Life Sciences,1,
623,40,0,Single,,1983,Y,4,,2,"9,0"
624,34,1,Divorced,,1989,Y,1,,1,"5,0"
625,39,0,Married,,1984,Y,4,,3,"8,0"
626,37,0,Married,,1986,,1,,7,"8,0"
627,33,0,Marreid,,1990,,1,Life Sciences,6,"8,0"
628,39,0,,,1984,,2,,3,"13,0"
629,52,1,Married,,1971,,4,Other,9,"12,0"
630,36,1,Single,,1987,Y,4,,3,"15,0"
631,36,0,Single,,1987,Y,4,Life Sciences,1,"10,0"
632,24,1,Married,,1999,Y,1,,1,
633,34,1,,,1989,Y,3,Life Sciences,5,"7,0"
634,28,0,Single,,1995,,3,,0,
635,33,1,,,1990,,4,Medical,8,"8,0"
636,47,1,Married,,1976,,3,Medical,3,
637,40,0,Single,,1983,,4,Life Sciences,3,"15,0"
638,45,0,Marreid,,1978,,3,Technical Degree,4,
639,40,0,,,1983,Y,2,,0,
640,29,0,,,1994,Y,1,Life Sciences,1,"6,0"
641,40,1,Married,,1983,Y,2,Life Sciences,1,"5,0"
642,43,0,Divorced,,1980,,3,,5,
643,30,0,,,1993,,3,,1,"6,0"
644,38,1,,,1985,,2,,3,"10,0"
645,37,1,Married,,1986,,3,,1,"8,0"
646,39,0,,,1984,,3,Medical,4,
647,36,0,Divorced,,1987,,2,Life Sciences,6,"13,0"
648,23,0,Single,,2000,Y,1,Medical,1,"5,0"
649,35,0,,,1988,,4,,0,"6,0"
650,31,1,Single,,1992,Y,1,Technical Degree,2,"9,0"
651,38,1,Married,,1985,Y,2,Other,1,"5,0"
652,35,0,Married,,1988,Y,4,Medical,0,"6,0"
653,40,1,,,1983,,3,,2,"15,0"
654,27,1,Single,,1996,,2,,0,"6,0"
655,41,1,,,1982,Y,3,,5,"14,0"
656,33,0,Single,,1990,Y,4,Marketing,1,
657,49,0,Married,,1974,,1,Life Sciences,3,"28,0"
658,36,0,,,1987,,4,,1,"5,0"
659,41,0,Divorced,,1982,Y,3,Life Sciences,2,"14,0"
660,29,1,Single,,1994,Y,4,Medical,1,"5,0"
661,31,0,,,1992,Y,3,Medical,0,"10,0"
662,36,0,Single,,1987,Y,4,Life Sciences,7,
663,43,1,,,1980,,2,Medical,1,"6,0"
664,33,1,Marreid,,1990,,3,Life Sciences,2,
665,44,1,,,1979,,5,Marketing,5,"9,0"
666,38,1,Single,,1985,,5,Life Sciences,1,"10,0"
667,50,1,divorced,,1973,,2,Medical,5,
668,59,1,Single,,1964,Y,1,,7,"20,0"
669,40,0,Married,,1983,,4,Life Sciences,1,"22,0"
670,54,1,,,1969,,4,Technical Degree,9,"16,0"
671,50,1,,,1973,,3,,3,"28,0"
672,54,1,Single,,1969,,3,,2,
673,24,0,Married,,1999,Y,1,Life Sciences,0,
674,37,0,,,1986,,3,Life Sciences,2,
675,30,0,Single,,1993,,1,,0,"6,0"
676,34,1,,,1989,,4,,6,
677,57,0,Divorced,,1966,,2,,3,"12,0"
678,38,1,Single,,1985,,4,Life Sciences,4,"12,0"
679,41,1,,,1982,,2,Marketing,1,"4,0"
680,42,1,Divorced,,1981,Y,2,,2,"11,0"
681,34,0,Divorced,,1989,Y,4,,1,
682,30,1,,,1993,,4,,5,"9,0"
683,29,0,Single,,1994,,1,Medical,1,"4,0"
684,32,1,Married,,1991,,2,,2,
685,25,0,,,1998,,2,Life Sciences,1,"6,0"
686,53,0,Married,,1970,,4,,3,"21,0"
687,26,0,Married,,1997,Y,2,Medical,1,"5,0"
688,28,1,,,1995,,2,,1,
689,28,0,Single,,1995,,2,Medical,0,"9,0"
690,58,0,Divorced,,1965,,4,Life Sciences,2,
691,27,1,Single,,1996,Y,3,,1,"4,0"
692,54,1,,,1969,Y,4,Life Sciences,3,"20,0"
693,40,0,Marreid,,1983,,2,,2,
694,29,0,,,1994,Y,3,Life Sciences,1,
695,50,0,,,1973,,3,,6,"20,0"
696,24,1,Single,,1999,Y,1,Technical Degree,1,"6,0"
697,30,0,Marreid,,1993,,3,,4,"9,0"
698,34,0,,,1989,Y,4,,3,"14,0"
699,33,0,Divorced,,1990,Y,1,,7,"8,0"
700,36,0,Single,,1987,Y,4,Medical,1,
701,41,0,Single,,1982,Y,2,,7,
702,39,1,Married,,1984,Y,1,,1,
703,26,0,Married,,1997,Y,2,Marketing,1,
704,24,1,,,1999,,3,,1,"6,0"
705,27,1,Divorced,,1996,,4,,0,"6,0"
706,27,0,Divorced,,1996,,1,Marketing,0,"5,0"
707,50,0,Married,,1973,,2,Technical Degree,3,"18,0"
708,23,0,,,2000,,1,,1,"5,0"
709,39,1,,,1984,,3,,9,
710,52,0,,,1971,Y,4,Medical,0,
711,26,0,Single,,1997,Y,3,,6,
712,54,1,Divorced,,1969,,4,,9,
713,37,1,Divorced,,1986,Y,1,Life Sciences,0,
714,50,0,,,1973,Y,3,,5,
715,42,1,Married,,1981,,2,Life Sciences,9,"8,0"
716,38,0,,,1985,,3,,2,
717,25,0,Single,,1998,,1,Medical,7,
718,32,1,Married,,1991,Y,2,,5,"9,0"
719,25,0,,,1998,,1,,1,"5,0"
720,42,1,Married,,1981,,3,,2,"17,0"
721,33,0,Divorced,,1990,Y,2,Human Resources,3,
722,29,1,,,1994,,1,Medical,6,"8,0"
723,38,1,,,1985,,3,,1,"6,0"
724,45,1,Divorced,,1978,Y,4,,3,"8,0"
725,31,1,,,1992,,1,,1,"4,0"
726,22,0,,,2001,Y,1,Life Sciences,1,"4,0"
727,59,1,,,1964,,3,,3,
728,45,1,Married,,1978,,2,,3,"26,0"
729,45,0,,,1978,,4,,1,
730,37,1,,,1986,Y,3,,3,"8,0"
731,26,1,,,1997,Y,1,Medical,1,
732,26,0,Married,,1997,,2,Medical,1,"6,0"
733,28,0,Marreid,,1995,,1,,0,
734,24,0,Single,,1999,,3,Medical,8,"6,0"
735,30,0,Married,,1993,,3,Marketing,1,
736,43,1,Single,,1980,Y,3,,8,"7,0"
737,30,0,Divorced,,1993,Y,4,Life Sciences,8,"8,0"
738,46,0,Divorced,,1977,Y,4,Technical Degree,2,
739,42,0,Married,,1981,,5,,7,
740,25,0,Single,,1998,,4,Life Sciences,0,"5,0"
741,27,0,Divorced,,1996,Y,2,,1,
742,56,0,Single,,1967,,4,Life Sciences,6,"36,0"
743,41,1,,,1982,,3,Marketing,0,
744,28,0,Married,,1995,Y,3,Life Sciences,1,"5,0"
745,52,1,Married,,1971,,2,,2,
746,26,0,Single,,1997,,1,Medical,0,"5,0"
747,49,0,,,1974,,2,,3,"20,0"
748,34,0,,,1989,,4,Other,5,"10,0"
749,32,0,,,1991,,5,Marketing,4,"7,0"
750,33,0,,,1990,,3,Medical,0,"5,0"
751,29,1,Single,,1994,,3,,5,"7,0"
752,30,0,,,1993,,3,Life Sciences,0,"6,0"
753,23,0,Single,,2000,Y,1,Life Sciences,0,"5,0"
754,33,0,,,1990,Y,3,,1,"5,0"
755,35,1,Married,,1988,Y,4,,0,"6,0"
756,38,0,,,1985,,4,,3,"10,0"
757,28,1,Divorced,,1995,Y,3,,0,"6,0"
758,37,0,,,1986,Y,3,Life Sciences,3,
759,24,1,,,1999,,1,Technical Degree,1,"6,0"
760,36,0,,,1987,,3,,2,
761,38,1,,,1985,,3,,1,"4,0"
762,53,0,Married,,1970,Y,4,Medical,3,"11,0"
763,37,0,,,1986,Y,4,,1,"6,0"
764,24,0,Married,,1999,,3,Medical,1,"5,0"
765,29,1,,,1994,Y,4,Medical,9,
766,32,0,Married,,1991,Y,3,,3,
767,42,0,Divorced,,1981,,3,Medical,8,"7,0"
768,41,0,Divorced,,1982,,4,Life Sciences,1,"5,0"
769,44,0,,,1979,Y,2,,1,
770,28,0,Married,,1995,,3,,1,"5,0"
771,39,0,Single,,1984,,1,Medical,7,
772,40,1,Married,,1983,,2,Life Sciences,4,"7,0"
773,37,0,Single,,1986,,4,,1,"10,0"
774,40,1,,,1983,,3,,4,"12,0"
775,26,0,,,1997,Y,3,,1,
776,42,0,Married,,1981,Y,4,Technical Degree,3,"10,0"
777,34,0,Married,,1989,,3,,2,"9,0"
778,37,0,,,1986,,4,Medical,5,"16,0"
779,27,0,,,1996,,4,Technical Degree,1,"6,0"
780,35,0,,,1988,,4,,0,
781,28,0,Single,,1995,,3,Medical,1,"5,0"
782,29,0,Married,,1994,Y,3,Life Sciences,0,"6,0"
783,54,1,Married,,1969,,2,,3,"9,0"
784,24,0,Single,,1999,,2,Life Sciences,1,"4,0"
785,38,0,Married,,1985,Y,4,,2,"10,0"
786,42,0,,,1981,,4,,6,"9,0"
787,41,0,,,1982,,3,Life Sciences,3,
788,25,1,,,1998,,2,,0,"6,0"
789,44,0,Single,,1979,,3,Medical,6,"6,0"
790,50,0,,,1973,,4,,7,"12,0"
791,36,1,Married,,1987,,4,Marketing,4,"8,0"
792,45,1,,,1978,,3,,8,
793,40,1,Married,,1983,Y,4,,2,"20,0"
794,35,1,Married,,1988,Y,4,,1,"4,0"
795,29,0,,,1994,,2,Other,4,"10,0"
796,34,0,,,1989,Y,3,,2,
797,27,0,Married,,1996,,1,,9,"6,0"
798,31,0,Divorced,,1992,,1,,1,"5,0"
799,34,0,Divorced,,1989,,2,,0,"3,0"
800,28,0,Single,,1995,,3,Life Sciences,5,"6,0"
801,32,0,Divorced,,1991,Y,2,,0,"7,0"
802,38,0,Single,,1985,Y,3,Life Sciences,5,"6,0"
803,24,1,,,1999,,2,,0,"5,0"
804,34,0,Single,,1989,,1,,2,
805,32,1,,,1991,,1,,1,
806,46,1,Single,,1977,Y,4,Marketing,3,"22,0"
807,44,0,Married,,1979,Y,4,Other,2,
808,50,0,Married,,1973,,2,,1,"3,0"
809,35,1,Married,,1988,Y,3,Marketing,1,"2,0"
810,28,0,Single,,1995,,4,,1,"2,0"
811,26,1,Marreid,,1997,,3,,7,"5,0"
812,35,1,,,1988,,4,,3,"4,0"
813,35,0,Married,,1988,,3,Medical,4,"5,0"
814,37,0,,,1986,,4,Medical,4,
815,46,0,Divorced,,1977,,2,Medical,8,
816,34,0,Married,,1989,,2,Medical,1,
817,51,0,,,1972,,4,,3,"10,0"
818,24,1,Married,,1999,,2,Other,0,"4,0"
819,44,0,Married,,1979,,3,,4,
820,37,0,Divorced,,1986,,4,Human Resources,4,
821,59,1,,,1964,,4,Human Resources,9,
822,25,0,Married,,1998,Y,1,,1,
823,43,1,Single,,1980,,3,Medical,4,
824,50,1,Single,,1973,Y,3,,4,"16,0"
825,31,1,,,1992,Y,3,,3,"4,0"
826,36,0,Divorced,,1987,,2,Medical,6,"7,0"
827,51,0,,,1972,Y,4,,2,"18,0"
828,25,0,,,1998,,3,Life Sciences,2,
829,38,1,,,1985,Y,5,Technical Degree,3,"19,0"
830,30,1,Divorced,,1993,,3,Technical Degree,5,"8,0"
831,22,0,Marreid,,2001,,1,Medical,1,"2,0"
832,27,0,,,1996,,3,Medical,6,
833,28,0,Married,,1995,,3,Medical,1,"5,0"
834,27,0,,,1996,Y,3,,0,"6,0"
835,56,1,Divorced,,1967,,3,Life Sciences,4,
836,38,1,Single,,1985,,2,,1,
837,31,1,,,1992,Y,1,Medical,8,"7,0"
838,34,1,,,1989,Y,2,Medical,2,"9,0"
839,50,0,,,1973,Y,3,,2,
840,53,1,divorced,,1970,Y,2,,1,"5,0"
841,35,1,Single,,1988,,3,Medical,5,
842,27,0,Married,,1996,,1,,5,
843,40,0,Married,,1983,,2,,8,
844,22,0,,,2001,,3,Life Sciences,1,"4,0"
845,40,0,,,1983,Y,5,Life Sciences,9,"5,0"
846,46,0,,,1977,,4,,7,"17,0"
847,30,1,,,1993,,3,Technical Degree,5,"8,0"
848,29,0,Single,,1994,,3,,0,
849,54,1,Married,,1969,,3,,2,"16,0"
850,33,1,Married,,1990,Y,4,,6,
851,52,1,Single,,1971,,3,,7,
852,59,0,Married,,1964,Y,2,Medical,8,
853,32,0,Single,,1991,,3,,0,"4,0"
854,39,1,Divorced,,1984,,4,Medical,7,"7,0"
855,32,0,,,1991,,4,Marketing,0,"4,0"
856,31,0,Divorced,,1992,,4,Medical,9,
857,33,1,Married,,1990,,4,Life Sciences,1,"2,0"
858,45,0,,,1978,,4,Life Sciences,4,"9,0"
859,42,1,Single,,1981,,2,,3,
860,29,0,Divorced,,1994,,2,Marketing,2,
861,25,1,Married,,1998,Y,3,,0,"5,0"
862,32,0,,,1991,,1,,4,"9,0"
863,28,0,Married,,1995,,3,,1,
864,21,0,Single,,2002,Y,2,,1,
865,37,1,divorced,,1986,Y,4,Medical,2,
866,38,0,,,1985,,4,Life Sciences,9,
867,26,0,Divorced,,1997,,4,Medical,2,
868,49,1,Single,,1974,Y,4,Life Sciences,9,
869,31,1,Divorced,,1992,,3,,1,"2,0"
870,37,0,Married,,1986,Y,3,Medical,1,
871,31,0,Marreid,,1992,,4,,0,
872,31,0,,,1992,Y,3,Human Resources,3,
873,31,0,,,1992,Y,4,,0,"3,0"
874,52,0,,,1971,,4,Medical,2,"11,0"
875,28,0,Married,,1995,Y,4,Medical,5,
876,47,0,Married,,1976,Y,5,,4,"21,0"
877,29,0,,,1994,,5,Other,0,"4,0"
878,37,0,,,1986,Y,2,Medical,7,"8,0"
879,23,0,,,2000,Y,1,,1,
880,42,0,Divorced,,1981,Y,1,,0,"4,0"
881,30,1,,,1993,,2,,7,"4,0"
882,21,1,Single,,2002,,1,,1,"3,0"
883,57,0,,,1966,,4,Medical,2,
884,21,0,Single,,2002,,2,,1,"3,0"
885,31,0,,,1992,Y,4,Life Sciences,0,"3,0"
886,29,0,,,1994,,3,,9,"6,0"
887,27,0,,,1996,,2,,1,"5,0"
888,49,0,Single,,1974,Y,3,Other,8,
889,36,1,Married,,1987,,3,,4,
890,34,0,,,1989,,3,Marketing,8,
891,24,1,Divorced,,1999,,4,Marketing,1,
892,42,1,,,1981,Y,4,,3,"8,0"
893,54,0,Married,,1969,Y,2,Medical,4,"24,0"
894,34,1,Married,,1989,Y,4,,9,
895,43,0,,,1980,Y,3,,7,
896,43,1,,,1980,,4,Other,4,
897,31,0,Married,,1992,Y,2,,1,"4,0"
898,25,0,Married,,1998,Y,3,Medical,5,"6,0"
899,45,0,Married,,1978,,2,Life Sciences,3,"8,0"
900,52,1,Married,,1971,Y,2,Life Sciences,2,"31,0"
901,34,1,,,1989,,2,,0,"3,0"
902,26,1,Divorced,,1997,,3,Life Sciences,1,
903,29,0,,,1994,,4,,1,
904,29,1,Married,,1994,Y,5,Technical Degree,5,"6,0"
905,46,0,Married,,1977,Y,3,Life Sciences,6,
906,46,1,,,1977,Y,3,Marketing,2,"15,0"
907,30,0,Single,,1993,Y,1,Marketing,0,
908,34,1,Divorced,,1989,,3,,9,
909,42,0,Married,,1981,,2,Other,4,
910,22,0,Single,,2001,Y,1,Technical Degree,5,"4,0"
911,29,0,Divorced,,1994,Y,3,Technical Degree,4,"8,0"
912,46,1,Married,,1977,,1,Medical,5,
913,32,0,,,1991,,4,Other,8,
914,24,0,,,1999,,3,Medical,0,"3,0"
915,35,0,Single,,1988,Y,2,,4,
916,42,1,Married,,1981,Y,4,Life Sciences,1,"10,0"
917,48,1,Married,,1975,,4,,7,"21,0"
918,44,1,,,1979,,4,,4,"10,0"
919,34,1,,,1989,,3,,1,"8,0"
920,21,0,,,2002,,1,Technical Degree,1,
921,44,0,,,1979,Y,4,,4,"26,0"
922,22,0,Married,,2001,Y,1,Medical,0,
923,26,1,,,1997,Y,3,,1,
924,36,0,,,1987,Y,2,Medical,2,"13,0"
925,27,0,Single,,1996,Y,4,Medical,0,"5,0"
926,23,0,,,2000,,3,,2,"5,0"
927,25,0,,,1998,,3,Life Sciences,0,"4,0"
928,48,0,Marreid,,1975,Y,1,,3,
929,24,1,Single,,1999,,2,Life Sciences,9,
930,60,0,Single,,1963,Y,4,,8,"10,0"
931,50,0,Married,,1973,,4,Marketing,7,"4,0"
932,44,0,Single,,1979,,3,,2,"9,0"
933,47,1,Divorced,,1976,Y,3,,9,"28,0"
934,42,0,Divorced,,1981,,3,,6,
935,43,0,Married,,1980,Y,3,Life Sciences,3,"7,0"
936,40,1,Single,,1983,,1,,0,"5,0"
937,29,0,,,1994,Y,3,,1,
938,53,0,Single,,1970,Y,3,,2,"19,0"
939,23,0,Single,,2000,Y,1,Medical,1,
940,55,0,,,1968,,3,Medical,5,"24,0"
941,26,1,,,1997,,2,Life Sciences,3,
942,34,1,Single,,1989,,4,,2,
943,27,0,Married,,1996,Y,1,Marketing,0,"5,0"
944,35,1,,,1988,,4,,1,"3,0"
945,30,0,Married,,1993,Y,3,,3,"7,0"
946,34,1,,,1989,Y,2,,5,
947,52,1,,,1971,Y,4,Life Sciences,8,"9,0"
948,33,1,Single,,1990,Y,3,Marketing,5,
949,35,1,Single,,1988,Y,4,,3,"7,0"
950,28,0,Single,,1995,Y,4,,6,"5,0"
951,36,0,Married,,1987,Y,3,Human Resources,4,
952,34,1,Single,,1989,,4,,1,"6,0"
953,34,0,,,1989,,2,,0,"4,0"
954,44,0,Single,,1979,Y,3,,9,"10,0"
955,32,0,Divorced,,1991,,4,Life Sciences,2,"8,0"
956,53,1,Married,,1970,Y,2,,7,"35,0"
957,22,0,,,2001,,2,Life Sciences,6,"4,0"
958,44,0,,,1979,,4,Life Sciences,2,"10,0"
959,35,1,Divorced,,1988,Y,4,Life Sciences,1,"10,0"
960,25,0,,,1998,Y,1,,1,"5,0"
961,49,1,,,1974,,3,Technical Degree,2,"7,0"
962,24,0,,,1999,,1,Life Sciences,0,
963,38,0,,,1985,,3,Marketing,0,"3,0"
964,29,1,,,1994,Y,3,Medical,6,"5,0"
965,43,1,Married,,1980,Y,3,Life Sciences,4,"12,0"
966,28,0,Single,,1995,,4,Medical,1,"4,0"
967,20,1,Single,,2003,Y,3,,1,"2,0"
968,47,1,Single,,1976,,4,Life Sciences,1,"3,0"
969,22,1,Married,,2001,Y,1,Life Sciences,0,"4,0"
970,28,1,Divorced,,1995,,3,Medical,5,"6,0"
971,39,0,Married,,1984,,3,Medical,7,
972,33,0,Single,,1990,Y,4,,3,
973,36,0,Single,,1987,Y,4,Other,2,"8,0"
974,35,1,,,1988,,3,,1,"5,0"
975,31,0,Single,,1992,,2,Medical,0,"4,0"
976,33,1,Single,,1990,Y,1,Life Sciences,3,"5,0"
977,27,1,Marreid,,1996,Y,4,,9,"4,0"
978,30,1,Married,,1993,Y,3,,4,
979,24,1,Divorced,,1999,Y,1,Medical,1,"5,0"
980,35,0,Divorced,,1988,Y,4,Other,1,"5,0"
981,30,1,,,1993,,3,,0,"4,0"
982,48,0,,,1975,Y,3,,2,"19,0"
983,41,1,,,1982,Y,2,Medical,6,"8,0"
984,27,1,,,1996,Y,4,,0,
985,35,0,,,1988,,3,Other,1,"3,0"
986,26,0,Single,,1997,Y,2,Medical,8,
987,33,1,,,1990,Y,1,Life Sciences,0,
988,26,0,Married,,1997,Y,3,Life Sciences,6,"6,0"
989,38,0,,,1985,Y,4,,3,"8,0"
990,46,0,,,1977,,4,Medical,9,"23,0"
991,20,1,Single,,2003,Y,3,Marketing,1,"2,0"
992,30,0,Marreid,,1993,,3,Other,0,"7,0"
993,27,0,Married,,1996,,5,,1,"3,0"
994,55,0,Married,,1968,,1,,3,"23,0"
995,33,0,,,1990,,3,Life Sciences,4,
996,28,0,,,1995,,2,Life Sciences,1,"4,0"
997,34,0,,,1989,Y,1,Life Sciences,0,
998,33,0,Single,,1990,,3,Medical,4,"5,0"
999,33,1,Married,,1990,Y,3,Life Sciences,0,"4,0"
1000,21,1,Single,,2002,Y,1,,1,"2,0"
1001,31,0,Married,,1992,,3,,0,"3,0"
1002,35,0,Divorced,,1988,,2,Marketing,1,"5,0"
1003,34,0,Single,,1989,,2,,2,
1004,33,1,Single,,1990,,4,,0,"6,0"
1005,31,0,,,1992,,3,Medical,1,
1006,37,1,,,1986,Y,2,,7,"9,0"
1007,27,0,Married,,1996,Y,3,,1,"4,0"
1008,35,0,Married,,1988,,4,Other,1,"2,0"
1009,56,1,Divorced,,1967,Y,4,,4,"28,0"
1010,45,1,,,1978,,3,Medical,4,
1011,20,0,Single,,2003,,3,,1,"2,0"
1012,50,1,,,1973,,3,,2,
1013,46,0,,,1977,Y,2,Life Sciences,5,"25,0"
1014,32,1,Married,,1991,Y,3,Other,1,"2,0"
1015,35,1,Married,,1988,,2,,4,"16,0"
1016,29,1,Divorced,,1994,Y,3,Life Sciences,1,"3,0"
1017,21,1,,,2002,,2,,1,"2,0"
1018,34,1,,,1989,,3,Marketing,0,"4,0"
1019,28,0,Single,,1995,,4,Medical,0,
1020,35,0,Married,,1988,,1,Life Sciences,0,"4,0"
1021,28,0,Married,,1995,,3,Life Sciences,1,
1022,28,0,Single,,1995,Y,3,Technical Degree,2,"5,0"
1023,25,1,Single,,1998,Y,3,Medical,1,
1024,58,0,,,1965,Y,4,Life Sciences,1,
1025,39,0,Single,,1984,Y,3,Medical,0,"6,0"
1026,30,1,Married,,1993,Y,3,Technical Degree,0,"10,0"
1027,50,1,Marreid,,1973,,3,Life Sciences,4,
1028,41,0,Single,,1982,,2,Medical,1,"19,0"
1029,31,1,,,1992,,3,,1,
1030,44,0,,,1979,Y,3,Life Sciences,4,"10,0"
1031,40,0,Divorced,,1983,,2,,9,"6,0"
1032,25,0,Married,,1998,,1,Medical,3,
1033,40,0,,,1983,Y,4,Life Sciences,3,"7,0"
1034,51,1,,,1972,,2,Technical Degree,3,
1035,27,0,Single,,1996,Y,1,Life Sciences,3,
1036,35,1,Married,,1988,Y,4,Marketing,0,"5,0"
1037,38,0,divorced,,1985,Y,3,,1,"4,0"
1038,31,0,Married,,1992,,4,,1,"10,0"
1039,51,0,,,1972,,3,,2,"14,0"
1040,41,1,,,1982,,3,,3,"12,0"
1041,32,0,Married,,1991,,1,Marketing,0,"4,0"
1042,25,0,Married,,1998,Y,1,Life Sciences,2,"6,0"
1043,27,1,Married,,1996,,3,Marketing,1,
1044,27,1,Single,,1996,Y,4,Life Sciences,1,"8,0"
1045,37,1,Single,,1986,,3,Medical,4,"8,0"
1046,35,0,,,1988,Y,2,Life Sciences,2,"10,0"
1047,25,0,,,1998,Y,3,,4,"7,0"
1048,30,1,Divorced,,1993,,4,Marketing,7,
1049,31,1,,,1992,,5,Life Sciences,3,
1050,36,1,,,1987,,4,Marketing,4,"11,0"
1051,25,0,,,1998,,2,,3,"6,0"
1052,56,1,,,1967,,2,Life Sciences,2,"5,0"
1053,41,0,,,1982,,5,Medical,2,"7,0"
1054,31,1,,,1992,Y,2,,9,"8,0"
1055,31,0,,,1992,Y,3,Life Sciences,6,"7,0"
1056,48,0,Divorced,,1975,Y,3,Marketing,4,
1057,34,1,Married,,1989,,4,,1,"2,0"
1058,44,0,Single,,1979,Y,3,Life Sciences,3,"7,0"
1059,49,0,Married,,1974,Y,4,,2,"20,0"
1060,44,0,,,1979,Y,3,Life Sciences,1,"6,0"
1061,28,0,Married,,1995,,3,,3,"5,0"
1062,44,0,Single,,1979,Y,1,,5,"16,0"
1063,55,0,Married,,1968,,4,Life Sciences,0,"4,0"
1064,28,0,Single,,1995,,3,Life Sciences,0,"5,0"
1065,49,1,Marreid,,1974,,2,Medical,4,"10,0"
1066,29,1,,,1994,,1,Life Sciences,0,
1067,32,0,,,1991,,3,,2,"10,0"
1068,31,1,,,1992,Y,3,Life Sciences,1,"7,0"
1069,40,0,Divorced,,1983,Y,2,Life Sciences,3,"8,0"
1070,36,0,,,1987,Y,4,Life Sciences,3,"7,0"
1071,33,0,,,1990,Y,4,Life Sciences,2,
1072,30,0,Marreid,,1993,Y,4,,3,"9,0"
1073,38,0,Married,,1985,,3,Medical,4,
1074,48,1,Married,,1975,,4,,8,
1075,34,0,,,1989,Y,4,,9,
1076,38,1,Single,,1985,Y,3,Life Sciences,2,"8,0"
1077,35,1,Single,,1988,,4,,3,
1078,23,0,Married,,2000,,3,,2,"4,0"
1079,36,0,,,1987,,4,,3,"9,0"
1080,34,0,,,1989,,4,,1,"8,0"
1081,22,1,Married,,2001,Y,2,Other,1,"4,0"
1082,32,1,Married,,1991,Y,4,,3,"6,0"
1083,31,0,Single,,1992,,4,,7,
1084,36,1,Married,,1987,,4,Life Sciences,9,"7,0"
1085,21,0,Single,,2002,Y,1,Medical,1,
1086,47,1,Married,,1976,Y,4,,3,"27,0"
1087,39,1,,,1984,Y,3,Medical,0,
1088,40,1,,,1983,,3,,6,"18,0"
1089,48,0,,,1975,Y,5,,2,
1090,35,0,,,1988,Y,2,Medical,6,
1091,27,1,,,1996,,3,Medical,7,"5,0"
1092,27,0,Single,,1996,Y,3,Medical,2,
1093,40,0,,,1983,,3,,3,"10,0"
1094,29,0,Single,,1994,Y,3,,9,
1095,36,1,Married,,1987,,4,Life Sciences,4,"9,0"
1096,49,1,Married,,1974,,4,Other,3,"27,0"
1097,20,1,Single,,2003,,3,Medical,1,"2,0"
1098,36,1,,,1987,,4,,0,"4,0"
1099,33,0,,,1990,Y,4,,1,"6,0"
1100,49,1,Divorced,,1974,Y,3,Medical,4,"17,0"
1101,47,1,,,1976,,4,Life Sciences,6,"29,0"
1102,20,0,,,2003,Y,1,,1,
1103,36,0,Married,,1987,Y,4,,6,"10,0"
1104,44,1,,,1979,Y,3,,4,"8,0"
1105,55,0,Divorced,,1968,,3,Technical Degree,5,"8,0"
1106,23,0,Divorced,,2000,,3,Life Sciences,1,"3,0"
1107,26,0,,,1997,,4,,1,
1108,32,0,Married,,1991,,3,,6,
1109,31,0,Married,,1992,,4,Life Sciences,1,"6,0"
1110,41,0,Married,,1982,,3,Human Resources,6,
1111,24,0,,,1999,,1,Medical,1,"6,0"
1112,36,0,,,1987,,5,Marketing,5,"16,0"
1113,23,1,Single,,2000,,1,,1,"3,0"
1114,24,0,Marreid,,1999,,3,Medical,0,"3,0"
1115,30,1,Divorced,,1993,Y,3,,6,
1116,31,0,,,1992,,3,,1,"6,0"
1117,27,1,,,1996,Y,3,,1,"6,0"
1118,29,1,Single,,1994,,3,,1,"2,0"
1119,29,0,,,1994,,3,,8,"10,0"
1120,53,1,Married,,1970,Y,4,,4,"27,0"
1121,34,1,,,1989,,2,,5,
1122,51,1,Married,,1972,,3,,2,
1123,37,0,,,1986,,2,Marketing,1,
1124,46,0,,,1977,,2,Life Sciences,8,"6,0"
1125,43,0,,,1980,,3,,4,
1126,41,0,Single,,1982,Y,3,,3,
1127,31,1,,,1992,Y,4,,2,"9,0"
1128,28,1,,,1995,Y,3,Medical,1,
1129,38,1,,,1985,Y,4,,2,"20,0"
1130,58,0,Married,,1965,,4,Life Sciences,2,"23,0"
1131,29,0,Divorced,,1994,,3,,4,
1132,47,1,Single,,1976,Y,4,Life Sciences,4,
1133,28,0,,,1995,Y,2,Life Sciences,1,"3,0"
1134,32,0,,,1991,,4,Marketing,7,"7,0"
1135,39,0,,,1984,,4,,8,"7,0"
1136,55,0,,,1968,,4,,8,
1137,29,0,Single,,1994,Y,3,Life Sciences,3,
1138,35,1,Marreid,,1988,,2,Other,0,"4,0"
1139,34,0,,,1989,,4,Technical Degree,1,
1140,56,0,Single,,1967,,2,,1,"5,0"
1141,36,0,,,1987,Y,2,Marketing,2,
1142,31,1,Divorced,,1992,Y,2,,2,
1143,34,1,Married,,1989,,1,,3,"9,0"
1144,31,1,Divorced,,1992,,3,,8,"4,0"
1145,45,0,Single,,1978,Y,4,Medical,4,"12,0"
1146,39,1,,,1984,Y,4,,6,"10,0"
1147,38,0,Divorced,,1985,,2,,2,
1148,31,0,Divorced,,1992,Y,2,,1,"4,0"
1149,53,0,,,1970,Y,4,Life Sciences,6,"15,0"
1150,38,0,,,1985,Y,4,Other,0,
1151,54,1,Single,,1969,Y,3,,6,"9,0"
1152,23,0,Single,,2000,,2,,1,
1153,25,0,,,1998,Y,1,Other,6,
1154,31,0,,,1992,,2,Life Sciences,0,
1155,35,0,Married,,1988,Y,4,Medical,7,
1156,22,0,,,2001,,2,,0,
1157,32,1,Single,,1991,,4,,1,"6,0"
1158,32,0,,,1991,Y,4,,0,
1159,21,0,Single,,2002,,1,Medical,1,
1160,36,1,,,1987,Y,2,Life Sciences,7,"18,0"
1161,29,0,Marreid,,1994,Y,4,,9,"4,0"
1162,32,0,,,1991,,3,Technical Degree,1,
1163,40,0,,,1983,Y,4,,2,"8,0"
1164,35,0,,,1988,,4,Life Sciences,1,
1165,50,0,,,1973,Y,3,Marketing,4,"20,0"
1166,26,1,Single,,1997,Y,3,Other,0,
1167,36,0,,,1987,Y,2,Medical,4,"17,0"
1168,27,0,,,1996,Y,3,Life Sciences,1,"6,0"
1169,33,0,,,1990,,3,Medical,4,"7,0"
1170,36,1,Married,,1987,,4,Life Sciences,9,
1171,31,0,Single,,1992,,4,Medical,1,"1,0"
1172,22,0,,,2001,Y,1,Technical Degree,0,"3,0"
1173,27,0,Divorced,,1996,Y,3,,1,"1,0"
1174,33,0,,,1990,,3,Life Sciences,0,"4,0"
1175,36,1,Single,,1987,Y,1,,1,"8,0"
1176,37,1,,,1986,,2,Medical,2,
1177,32,0,Married,,1991,Y,3,,1,"5,0"
1178,51,0,Divorced,,1972,,3,Medical,5,
1179,49,1,,,1974,Y,2,Technical Degree,7,
1180,35,0,Single,,1988,Y,4,,9,
1181,22,1,Married,,2001,,3,Medical,1,"2,0"
1182,33,1,,,1990,Y,5,,4,"10,0"
1183,31,0,Divorced,,1992,Y,4,Medical,2,
1184,45,1,,,1978,,4,,2,"5,0"
1185,53,0,Married,,1970,,3,,3,"32,0"
1186,34,1,,,1989,Y,2,,3,"10,0"
1187,43,0,,,1980,Y,2,Life Sciences,6,
1188,28,0,Divorced,,1995,,2,Medical,1,"6,0"
1189,42,0,Single,,1981,,1,,5,"8,0"
1190,27,1,,,1996,,3,,1,"1,0"
1191,40,0,,,1983,,4,,8,"3,0"
1192,37,0,Married,,1986,Y,4,Life Sciences,5,
1193,29,1,,,1994,Y,3,Technical Degree,1,"3,0"
1194,38,0,Married,,1985,Y,1,,0,"3,0"
1195,34,0,Divorced,,1989,Y,4,,0,"16,0"
1196,34,1,Married,,1989,Y,4,Life Sciences,1,"1,0"
1197,50,0,Marreid,,1973,,4,Medical,2,"29,0"
1198,26,0,,,1997,Y,3,,1,"1,0"
1199,28,0,Divorced,,1995,Y,3,Life Sciences,1,
1200,28,1,Married,,1995,,1,,1,
1201,40,1,Marreid,,1983,Y,2,Medical,3,"16,0"
1202,19,0,Single,,2004,Y,2,,1,"1,0"
1203,20,0,Single,,2003,Y,3,Marketing,1,"2,0"
1204,40,1,Divorced,,1983,,3,,7,"7,0"
1205,19,1,,,2004,,3,,1,
1206,59,1,Single,,1964,Y,3,,5,"13,0"
1207,30,1,,,1993,,4,Medical,1,
1208,45,0,Married,,1978,,3,,4,
1209,40,0,,,1983,Y,3,,2,
1210,30,0,,,1993,,1,Life Sciences,8,"4,0"
1211,24,0,,,1999,,2,Technical Degree,0,
1212,32,1,Married,,1991,,2,Life Sciences,3,"12,0"
1213,28,0,Married,,1995,Y,3,Medical,1,
1214,49,1,Single,,1974,,4,,3,"8,0"
1215,38,1,Married,,1985,,2,Medical,4,"9,0"
1216,46,0,,,1977,Y,4,,7,"24,0"
1217,34,0,,,1989,Y,4,Life Sciences,4,
1218,39,0,,,1984,Y,3,Life Sciences,2,"7,0"
1219,26,1,Married,,1997,Y,2,,0,"6,0"
1220,54,1,Married,,1969,Y,4,Medical,4,"14,0"
1221,36,0,,,1987,,1,,1,"10,0"
1222,32,1,,,1991,Y,2,,3,"8,0"
1223,32,1,,,1991,,4,,5,"9,0"
1224,28,0,,,1995,,3,,5,
1225,33,0,Divorced,,1990,,2,Medical,1,
1226,37,0,Single,,1986,,2,,6,"7,0"
1227,59,1,,,1964,Y,3,Medical,4,"12,0"
1228,30,0,Divorced,,1993,Y,1,Life Sciences,1,"1,0"
1229,22,0,,,2001,,2,,1,
1230,21,0,Single,,2002,Y,2,,1,"0,0"
1231,30,0,,,1993,Y,2,Medical,1,"10,0"
1232,39,0,Marreid,,1984,,3,Technical Degree,3,"19,0"
1233,24,0,,,1999,,3,,2,"6,0"
1234,35,0,Divorced,,1988,Y,2,Other,1,"1,0"
1235,27,1,Divorced,,1996,Y,4,Life Sciences,1,
1236,26,0,Single,,1997,,3,Life Sciences,1,"1,0"
1237,37,0,Married,,1986,Y,2,Life Sciences,4,"8,0"
1238,35,0,,,1988,Y,1,,1,"1,0"
1239,48,0,,,1975,,2,,9,
1240,35,0,Married,,1988,,2,Medical,2,"10,0"
1241,55,1,Divorced,,1968,,3,,2,"21,0"
1242,45,0,,,1978,Y,3,Life Sciences,2,
1243,36,0,,,1987,,3,Medical,0,
1244,36,1,,,1987,,3,Life Sciences,3,
1245,45,0,,,1978,Y,4,Other,4,
1246,55,0,Married,,1968,,2,,3,
1247,23,0,Divorced,,2000,Y,1,Technical Degree,3,
1248,32,0,Single,,1991,Y,1,Life Sciences,1,
1249,20,1,Single,,2003,Y,3,Life Sciences,1,
1250,37,0,Divorced,,1986,Y,2,Life Sciences,5,"17,0"
1251,22,1,Single,,2001,Y,3,,1,
1252,34,1,,,1989,Y,4,Life Sciences,6,
1253,36,1,Divorced,,1987,,2,Life Sciences,5,
1254,19,0,Single,,2004,,1,Marketing,1,"0,0"
1255,41,0,,,1982,Y,4,Life Sciences,2,"7,0"
1256,19,1,Single,,2004,,1,,1,"1,0"
1257,51,0,Married,,1972,Y,4,,2,"10,0"
1258,58,1,Married,,1965,Y,3,,4,"9,0"
1259,19,1,,,2004,Y,1,,0,"1,0"
1260,19,0,Single,,2004,,3,Life Sciences,1,"1,0"
1261,35,0,,,1988,Y,2,,3,"8,0"
1262,38,0,,,1985,,4,,9,"14,0"
1263,38,0,Married,,1985,,1,Medical,7,"17,0"
1264,41,1,Single,,1982,,3,Life Sciences,3,
1265,59,0,Married,,1964,,3,Life Sciences,3,"7,0"
1266,50,1,Divorced,,1973,,4,Medical,3,
1267,41,0,Divorced,,1982,,2,Life Sciences,2,"17,0"
1268,45,0,,,1978,,3,,0,"25,0"
1269,37,0,,,1986,,3,Medical,6,"17,0"
1270,51,0,Married,,1972,,3,,1,"1,0"
1271,28,0,Single,,1995,,4,Life Sciences,2,"5,0"
1272,29,0,Married,,1994,Y,3,Medical,2,"10,0"
1273,31,0,,,1992,Y,3,Medical,0,"10,0"
1274,38,1,,,1985,Y,2,Medical,1,"8,0"
1275,44,0,,,1979,,3,Life Sciences,3,"19,0"
1276,36,0,Single,,1987,Y,3,Technical Degree,4,"10,0"
1277,18,0,Single,,2005,Y,3,,1,"0,0"
1278,36,0,Married,,1987,,4,Life Sciences,4,"4,0"
1279,18,1,,,2005,Y,3,,1,"0,0"
1280,39,1,Married,,1984,Y,2,,4,"12,0"
1281,43,1,Marreid,,1980,Y,3,,8,
1282,47,0,,,1976,,1,Medical,3,"5,0"
1283,42,1,Single,,1981,Y,5,,2,"16,0"
1284,32,1,Married,,1991,Y,3,,1,"8,0"
1285,48,1,Married,,1975,Y,1,Medical,3,"15,0"
1286,42,0,,,1981,,4,,3,
1287,36,1,,,1987,Y,5,Medical,4,
1288,33,1,Single,,1990,,3,Marketing,1,"1,0"
1289,46,1,Married,,1977,,4,Medical,2,"7,0"
1290,21,1,Single,,2002,Y,3,Life Sciences,1,"1,0"
1291,30,0,,,1993,,1,Technical Degree,1,
1292,30,0,Single,,1993,Y,3,,9,"3,0"
1293,32,0,Single,,1986,Y,4,,2,"18,0"
1294,40,1,Married,,1983,,3,,6,
1295,28,0,,,1995,Y,2,,1,"10,0"
1296,38,0,Married,,1985,Y,2,,1,
1297,19,0,Single,,2004,Y,2,Technical Degree,1,"1,0"
1298,57,0,divorced,,1966,Y,3,,3,
1299,47,1,,,1976,,2,Medical,5,"20,0"
1300,54,1,Single,,1969,Y,4,Life Sciences,7,
1301,31,0,,,1992,Y,3,,3,"12,0"
1302,18,0,,,2005,,3,Marketing,1,
1303,40,0,,,1983,,3,Other,3,"20,0"
1304,26,0,,,1997,,2,,5,"8,0"
1305,26,0,Single,,1997,,3,,1,"1,0"
1306,38,1,,,1985,,3,,3,"18,0"
1307,24,0,Married,,1999,Y,2,Other,1,"1,0"
1308,30,0,Married,,1993,Y,4,,1,"1,0"
1309,37,0,Married,,1986,,3,Marketing,4,
1310,20,1,,,2003,,3,Life Sciences,1,"1,0"
1311,43,0,Divorced,,1980,Y,4,Other,4,"21,0"
1312,38,1,,,1985,,1,Life Sciences,3,"8,0"
1313,33,0,Divorced,,1990,Y,4,Marketing,0,"6,0"
1314,30,1,,,1993,,3,,1,"1,0"
1315,29,1,,,1994,Y,2,Medical,1,
1316,20,0,Single,,2003,,1,Medical,1,
1317,35,0,Marreid,,1988,Y,3,,1,"1,0"
1318,37,0,Single,,1986,Y,2,Life Sciences,3,
1319,38,1,Single,,1985,,3,,4,"10,0"
1320,29,0,Single,,1994,Y,3,,1,"1,0"
1321,35,1,Divorced,,1988,Y,4,,2,"16,0"
1322,38,0,Married,,1985,,5,Medical,6,
1323,34,1,,,1989,,5,Life Sciences,3,
1324,23,0,,,2000,,3,Life Sciences,1,"1,0"
1325,24,0,Divorced,,1999,Y,3,Life Sciences,1,
1326,29,1,Married,,1994,,2,Life Sciences,1,"1,0"
1327,40,0,,,1983,Y,4,Medical,6,"10,0"
1328,30,1,Single,,1993,Y,3,,5,"12,0"
1329,45,1,,,1978,,3,,1,"1,0"
1330,27,0,Married,,1996,,3,Medical,1,"0,0"
1331,37,0,,,1986,Y,4,Marketing,4,"9,0"
1332,32,0,Divorced,,1991,,3,Life Sciences,0,"4,0"
1333,53,0,Married,,1970,,3,Marketing,5,"28,0"
1334,37,0,Single,,1986,,2,,1,
1335,32,0,,,1991,Y,4,,1,"1,0"
1336,58,0,divorced,,1965,Y,1,,9,"3,0"
1337,43,1,Divorced,,1980,Y,3,,4,"4,0"
1338,21,1,Single,,2002,,1,Other,1,
1339,34,0,,,1989,Y,3,Life Sciences,1,"1,0"
1340,58,1,Divorced,,1965,Y,3,,2,"24,0"
1341,48,0,Married,,1975,,4,Medical,4,"13,0"
1342,32,1,Married,,1991,,3,Life Sciences,6,"5,0"
1343,25,0,Married,,1998,Y,2,Marketing,1,
1344,40,0,Divorced,,1983,,4,Marketing,2,"11,0"
1345,19,0,Single,,2004,Y,3,Other,1,"1,0"
1346,20,0,Single,,2003,Y,3,Technical Degree,1,"1,0"
1347,33,1,,,1990,,3,,0,"6,0"
1348,58,0,Single,,1965,Y,3,,4,"7,0"
1349,40,1,Single,,1983,,3,,4,"22,0"
1350,29,1,Single,,1994,,3,,6,"3,0"
1351,47,1,Single,,1976,Y,2,Life Sciences,1,"9,0"
1352,18,0,,,2005,,2,,1,
1353,20,1,,,2003,,3,Medical,1,"1,0"
1354,42,0,,,1981,,2,,6,"21,0"
1355,50,0,Married,,1973,,3,,4,"8,0"
1356,37,1,,,1986,,2,Medical,5,"15,0"
1357,38,0,,,1985,,4,Life Sciences,8,"19,0"
1358,36,0,Divorced,,1987,,3,,7,"9,0"
1359,28,0,Married,,1995,Y,1,Medical,1,
1360,43,0,,,1980,Y,3,,5,"18,0"
1361,21,1,Single,,2002,,3,,1,"1,0"
1362,51,0,Married,,1972,,4,,9,"18,0"
1363,37,1,Divorced,,1986,,4,,2,"8,0"
1364,28,0,Divorced,,1995,,3,Medical,1,
1365,50,0,Single,,1973,Y,4,,3,"5,0"
1366,34,0,,,1989,Y,4,,3,"6,0"
1367,38,0,Single,,1985,Y,2,Marketing,7,
1368,42,0,,,1981,,3,,4,"16,0"
1369,18,0,Single,,2005,,1,,1,
1370,41,0,,,1982,,4,,3,"6,0"
1371,35,0,,,1988,Y,4,Medical,6,
1372,32,1,,,1991,,1,,1,"1,0"
1373,22,0,Married,,2001,,4,Life Sciences,0,"1,0"
1374,44,0,Single,,1979,Y,3,,2,"6,0"
1375,41,0,,,1982,,2,Life Sciences,6,"5,0"
1376,40,0,,,1983,,4,,5,
1377,24,1,,,1999,,2,Life Sciences,1,"1,0"
1378,42,1,Married,,1981,,5,Medical,3,
1379,49,0,Married,,1974,,2,Medical,2,"23,0"
1380,48,0,Single,,1975,Y,2,Technical Degree,5,"7,0"
1381,29,0,,,1994,,3,,1,"6,0"
1382,48,0,Single,,1975,,3,Life Sciences,6,
1383,34,1,,,1989,,3,Technical Degree,0,"2,0"
1384,19,1,Single,,2004,Y,3,Life Sciences,1,"1,0"
1385,23,0,,,2000,Y,2,,1,"1,0"
1386,25,0,Single,,1998,Y,1,,1,"1,0"
1387,42,1,Married,,1981,Y,4,Medical,6,"18,0"
1388,51,1,Single,,1972,Y,2,Medical,0,"8,0"
1389,45,1,,,1978,,3,Medical,3,"22,0"
1390,27,1,Married,,1996,,3,Medical,8,"5,0"
1391,18,1,Single,,2005,Y,3,,1,"0,0"
1392,31,1,Single,,1992,,3,,7,"3,0"
1393,31,1,Single,,1992,,4,Life Sciences,1,
1394,31,1,,,1992,Y,3,Life Sciences,1,
1395,27,0,Married,,1996,,1,Life Sciences,0,"6,0"
1396,39,1,Single,,1984,,3,,2,"11,0"
1397,44,1,Married,,1979,,5,Marketing,7,"11,0"
1398,30,0,,,1993,Y,3,,1,"1,0"
1399,35,0,,,1988,,1,Life Sciences,1,"1,0"
1400,24,0,,,1999,,3,,2,
1401,24,1,Married,,1999,Y,2,,1,"1,0"
1402,28,0,Single,,1995,,2,Medical,7,"8,0"
1403,28,0,,,1995,Y,3,Life Sciences,1,"1,0"
1404,33,0,,,1990,Y,5,,2,"14,0"
1405,39,1,Single,,1984,Y,3,,4,"9,0"
1406,42,0,Married,,1981,Y,3,Medical,4,
1407,29,0,Married,,1994,,3,,6,
1408,35,0,,,1988,,3,,1,
1409,35,1,,,1988,,3,,1,"1,0"
1410,34,0,Single,,1989,Y,4,Medical,1,
1411,26,1,,,1997,Y,3,,1,"1,0"
1412,36,1,Single,,1987,,4,Life Sciences,6,
1413,50,0,Marreid,,1973,Y,3,Marketing,4,
1414,42,0,,,1981,,2,,8,"24,0"
1415,35,0,,,1988,,2,Life Sciences,1,
1416,46,0,,,1977,Y,4,Life Sciences,1,"27,0"
1417,18,1,Single,,2005,,2,Medical,1,"0,0"
1418,29,0,Divorced,,1994,,3,,1,"10,0"
1419,31,1,,,1992,,4,Life Sciences,1,"10,0"
1420,41,0,Single,,1982,,2,,3,"21,0"
1421,38,1,,,1985,,2,,7,"7,0"
1422,32,0,Single,,1991,,4,Life Sciences,1,"1,0"
1423,60,0,Divorced,,1963,,4,,3,"19,0"
1424,24,0,Married,,1999,,1,,1,"1,0"
1425,40,1,,,1983,,2,Life Sciences,2,"18,0"
1426,30,0,Married,,1993,Y,1,,1,"10,0"
1427,47,0,,,1976,Y,4,Marketing,7,"4,0"
1428,32,0,Single,,1991,,2,,6,"10,0"
1429,45,1,Marreid,,1978,,3,Life Sciences,4,"9,0"
1430,34,0,Married,,1989,,4,,0,"6,0"
1431,33,1,,,1990,,3,,2,
1432,31,0,Married,,1992,,4,,2,
1433,29,1,Divorced,,1994,,3,Technical Degree,1,
1434,30,0,Married,,1993,Y,3,,3,"10,0"
1435,38,0,Married,,1985,,3,Medical,3,
1436,43,0,,,1980,,3,Technical Degree,9,"6,0"
1437,55,0,Married,,1968,,3,,8,"34,0"
1438,21,0,Single,,2002,,1,Marketing,1,
1439,22,1,,,2001,,1,Medical,1,"1,0"
1440,37,0,Divorced,,1986,Y,2,Other,2,"19,0"
1441,42,0,Married,,1981,,3,,5,"10,0"
1442,18,1,Single,,2005,,3,,1,"0,0"
1443,31,0,Married,,1992,,5,Human Resources,0,"2,0"
1444,36,1,,,1987,Y,4,,4,
1445,32,0,,,1991,,4,Marketing,8,
1446,29,0,divorced,,1994,Y,1,Life Sciences,8,"11,0"
1447,42,0,,,1981,,3,,4,
1448,29,0,Married,,1994,,1,,1,
1449,29,0,,,1994,Y,2,,1,"1,0"
1450,28,1,,,1995,Y,3,Medical,1,"1,0"
1451,30,0,,,1993,Y,3,,1,
1452,22,0,Single,,2001,,1,Life Sciences,1,"1,0"
1453,26,1,,,1997,Y,2,Life Sciences,1,"1,0"
1454,44,0,,,1979,,4,,2,"10,0"
1455,29,0,Single,,1994,,3,Technical Degree,1,"1,0"
1456,28,1,,,1995,Y,2,Marketing,3,"6,0"
1457,56,1,Married,,1967,,5,,4,
1458,39,0,Married,,1984,,2,,1,"10,0"
1459,58,1,,,1965,,3,,4,
1460,42,0,Divorced,,1981,,4,Marketing,3,"14,0"
1461,27,1,Married,,1996,Y,3,,1,
1462,38,0,Single,,1985,,3,,4,"20,0"
1463,32,0,,,1991,,4,Life Sciences,8,
1464,31,1,,,1992,Y,1,Medical,1,
1465,25,1,,,1998,Y,3,,4,"6,0"
1466,40,0,Married,,1983,,4,,8,"8,0"
1467,39,0,,,1984,,3,,2,
1468,23,0,Married,,2000,,3,,1,
1469,35,1,Single,,1988,,4,Life Sciences,1,
1470,34,0,,,1989,,2,Technical Degree,0,"12,0"
1471,28,0,Single,,1995,,3,Medical,1,"5,0"
1472,29,0,Married,,1994,Y,3,Life Sciences,0,"6,0"
1473,58,1,Married,,1965,,4,Medical,1,"40,0"
1474,38,0,Divorced,,1985,Y,3,Life Sciences,0,
1475,29,1,Married,,1994,Y,1,,1,"11,0"
1476,55,0,Single,,1968,Y,3,Medical,0,"37,0"
1477,41,0,,,1982,,4,,1,
1478,39,0,,,1984,,3,,0,"19,0"
1479,38,0,,,1985,,2,Life Sciences,0,
1480,43,0,,,1980,,3,,1,
1481,31,1,Married,,1992,,2,,1,"13,0"
1482,50,0,Married,,1973,Y,4,Life Sciences,0,"28,0"
1483,33,1,,,1990,Y,1,Life Sciences,0,
1484,26,0,Married,,1997,Y,3,Life Sciences,6,"6,0"
1485,38,0,,,1985,Y,4,,3,"8,0"
1486,46,0,,,1977,,4,Medical,9,"23,0"
1487,21,1,Single,,2002,Y,1,,1,"2,0"
1488,31,0,Married,,1992,,3,,0,"3,0"
1489,35,0,Divorced,,1988,,2,Marketing,1,"5,0"
1490,34,0,Single,,1989,,2,,2,
1491,33,1,Single,,1990,,4,,0,"6,0"
1492,31,0,,,1992,,3,Medical,1,
1493,37,1,,,1986,Y,2,,7,"9,0"
1494,27,0,Married,,1996,Y,3,,1,"4,0"
1495,35,0,Married,,1988,,4,Other,1,"2,0"
1496,56,1,Divorced,,1967,Y,4,,4,"28,0"
1497,45,1,,,1978,,3,Medical,4,
1498,43,0,,,1980,Y,3,Life Sciences,0,
1499,31,1,,,1992,,4,Marketing,1,
1500,35,0,,,1988,,3,,1,
1501,35,0,Divorced,,1988,,2,Medical,2,"15,0"
1502,30,1,Single,,1993,Y,3,Medical,9,"9,0"
1503,46,1,Married,,1977,,2,Medical,4,"13,0"
1504,45,1,Marreid,,1978,Y,4,,4,"10,0"
1505,43,0,Married,,1980,,4,Life Sciences,1,"7,0"
1506,46,1,,,1977,Y,3,Life Sciences,5,"14,0"
1507,40,0,,,1983,Y,4,,2,"22,0"
1508,27,1,Single,,1996,Y,2,,0,"9,0"
1509,42,0,Married,,1981,Y,3,Medical,9,"18,0"
1510,26,0,Married,,1997,,3,Other,0,"8,0"
1511,28,0,Married,,1995,,2,Life Sciences,1,"7,0"
1512,31,0,Married,,1992,,4,,0,
1513,31,0,,,1992,Y,3,Human Resources,3,
1514,31,0,,,1992,Y,4,,0,"3,0"
1515,52,0,,,1971,,4,Medical,2,"11,0"
1516,28,0,Married,,1995,Y,4,Medical,5,
1517,47,0,Married,,1976,Y,5,,4,"21,0"
1518,29,0,,,1994,,5,Other,0,"4,0"
1519,37,0,,,1986,Y,2,Medical,7,"8,0"
1520,23,0,,,2000,Y,1,,1,
1521,42,0,Divorced,,1981,Y,1,,0,"4,0"
1522,30,1,,,1993,,2,,7,"4,0"
1523,21,1,Single,,2002,,1,,1,"3,0"
1524,57,0,,,1966,,4,Medical,2,
1525,21,0,Single,,2002,,2,,1,"3,0"
1526,31,0,,,1992,Y,4,Life Sciences,0,"3,0"
1527,29,0,,,1994,,3,,9,"6,0"
1528,27,0,,,1996,,2,,1,"5,0"
1529,49,0,Single,,1974,Y,3,Other,8,
1530,36,1,Married,,1987,,3,,4,
1531,34,0,,,1989,,3,Marketing,8,
1532,24,1,divorced,,1999,,4,Marketing,1,
1533,42,1,,,1981,Y,4,,3,"8,0"
1534,54,0,Married,,1969,Y,2,Medical,4,"24,0"
1535,34,1,Married,,1989,Y,4,,9,
1536,43,0,,,1980,Y,3,,7,
1537,43,1,,,1980,,4,Other,4,
1538,31,0,Married,,1992,Y,2,,1,"4,0"
1539,25,0,Married,,1998,Y,3,Medical,5,"6,0"
1540,45,0,Married,,1978,,2,Life Sciences,3,"8,0"
1541,45,0,Married,,1978,Y,2,Medical,0,"21,0"
1542,47,0,Married,,1976,,4,Life Sciences,1,
1543,35,1,Divorced,,1988,Y,3,Life Sciences,7,"10,0"
1544,29,0,Single,,1994,Y,2,,1,
1545,55,0,Marreid,,1968,Y,2,Technical Degree,3,"12,0"
1546,26,0,Single,,1997,,4,,1,
1547,31,0,,,1992,,3,Technical Degree,4,"10,0"
1548,43,1,,,1980,Y,4,Life Sciences,0,
1549,31,0,,,1992,Y,3,Marketing,4,"13,0"
1550,32,1,Single,,1991,Y,4,Medical,7,
1551,33,0,,,1990,,3,,3,
1552,43,1,Divorced,,1980,Y,4,Life Sciences,1,"9,0"
1553,29,0,,,1994,Y,4,,1,"7,0"
1554,27,1,,,1996,Y,4,,1,"8,0"
1555,29,1,Divorced,,1994,Y,1,,1,"7,0"
1556,37,0,Divorced,,1986,,3,Medical,4,"13,0"
1557,26,0,,,1997,Y,3,,1,
1558,40,1,Married,,1983,Y,4,Life Sciences,3,
1559,41,0,,,1982,,3,,1,"8,0"
1560,51,1,,,1972,,2,,4,"18,0"
1561,37,1,,,1986,,3,,1,
1562,56,1,Married,,1967,Y,3,Life Sciences,9,"36,0"
1563,41,0,Married,,1982,,3,Marketing,1,"10,0"
1564,46,1,,,1977,Y,3,Medical,2,"19,0"
1565,30,1,Single,,1993,Y,3,,0,"12,0"
1566,35,0,,,1988,,3,Life Sciences,4,"10,0"
1567,48,1,Married,,1975,,5,,2,"14,0"
1568,45,0,,,1978,,3,Other,0,
1569,26,1,,,1997,Y,4,Life Sciences,0,"8,0"
1570,41,1,Single,,1982,Y,4,Other,2,"10,0"
1571,34,0,Single,,1989,,4,,1,"10,0"
1572,31,0,Divorced,,1992,Y,4,Medical,4,"13,0"
1573,43,0,Divorced,,1980,Y,5,,3,"10,0"
1574,53,1,Single,,1970,Y,1,,7,"18,0"
1575,37,0,Married,,1986,,3,Other,1,
1576,54,0,,,1969,Y,4,,2,"16,0"
1577,38,1,,,1985,,4,Marketing,0,
1578,29,0,Divorced,,1994,Y,4,Life Sciences,1,"10,0"
1579,34,1,,,1989,,3,Medical,1,"9,0"
1580,39,1,Single,,1984,,4,Technical Degree,1,"20,0"
1581,32,0,,,1991,,3,Marketing,1,"10,0"
1582,38,1,,,1985,Y,4,Life Sciences,0,"10,0"
1583,27,1,Married,,1996,,2,Life Sciences,1,"9,0"
1584,32,1,Single,,1991,,2,Life Sciences,3,"10,0"
1585,47,0,Single,,1976,,4,Marketing,2,"20,0"
1586,27,0,,,1996,Y,2,,1,"9,0"
1587,41,0,,,1982,Y,3,,1,"22,0"
1588,28,1,,,1995,,2,,7,"10,0"
1589,36,1,Married,,1987,Y,3,,9,"10,0"
1590,30,0,Divorced,,1993,Y,5,Marketing,7,"10,0"
1591,56,0,Married,,1967,,3,,7,"30,0"
1592,45,0,Single,,1978,,2,,0,"9,0"
1593,36,0,Single,,1987,Y,4,,1,"10,0"
1594,29,1,Married,,1994,,3,Medical,4,"11,0"
1595,38,1,Single,,1985,,4,Life Sciences,6,"17,0"
1596,40,1,,,1983,Y,2,Medical,1,"8,0"
1597,42,0,,,1981,,3,,1,"24,0"
1598,36,1,,,1987,,3,Other,0,
1599,29,0,Married,,1994,,2,,1,"10,0"
1600,55,0,Single,,1968,Y,1,Medical,4,
1601,28,1,,,1995,Y,4,,1,"8,0"
1602,26,1,Married,,1997,,2,Medical,1,"8,0"
1603,44,0,,,1979,,2,,1,"8,0"
1604,41,1,divorced,,1982,,4,Life Sciences,4,
1605,31,0,,,1992,,4,,3,
1606,26,0,,,1997,Y,3,Medical,1,
1607,31,1,,,1992,,3,Medical,0,"10,0"
1608,32,1,Married,,1991,,4,Medical,1,"8,0"
1609,36,0,Married,,1987,Y,1,Life Sciences,1,
1610,45,0,,,1978,,2,,1,
1611,39,0,Single,,1984,,5,,0,"9,0"
1612,36,0,Divorced,,1987,,4,Technical Degree,4,"12,0"
1613,46,0,,,1977,Y,2,Medical,6,
